Source,Target,Weight
3.0,13959.0,1.0
3.0,11024.0,1.0
6.0,7.0,1.0
6.0,11497.0,1.0
7.0,1167.0,1.0
7.0,18079.0,1.0
8200.0,2556.0,1.0
8200.0,10981.0,1.0
8204.0,1795.0,1.0
8204.0,2819.0,1.0
8204.0,13540.0,1.0
8204.0,23013.0,1.0
16.0,17.0,1.0
16.0,10481.0,1.0
16.0,11902.0,1.0
17.0,8946.0,1.0
17.0,338.0,1.0
17.0,19109.0,1.0
8233.0,5665.0,1.0
8233.0,6744.0,1.0
8233.0,10655.0,1.0
8233.0,10329.0,1.0
8267.0,91.0,1.0
8267.0,8268.0,1.0
8267.0,9586.0,1.0
8267.0,9503.0,1.0
8268.0,3961.0,1.0
8268.0,8790.0,1.0
8268.0,15187.0,1.0
80.0,81.0,1.0
80.0,5531.0,1.0
80.0,14438.0,1.0
80.0,15826.0,1.0
81.0,1700.0,1.0
81.0,7438.0,1.0
81.0,12145.0,1.0
8274.0,8022.0,1.0
8274.0,8436.0,1.0
86.0,87.0,1.0
86.0,2727.0,1.0
86.0,11344.0,1.0
86.0,7241.0,1.0
87.0,3040.0,1.0
87.0,9954.0,1.0
88.0,89.0,1.0
88.0,3212.0,1.0
88.0,8648.0,1.0
89.0,2165.0,1.0
89.0,6804.0,1.0
90.0,91.0,1.0
90.0,4955.0,1.0
90.0,10978.0,1.0
90.0,3224.0,1.0
91.0,8790.0,1.0
91.0,12464.0,1.0
106.0,107.0,1.0
106.0,4059.0,1.0
106.0,12604.0,1.0
107.0,4059.0,1.0
107.0,21924.0,1.0
8300.0,12219.0,1.0
8300.0,15440.0,1.0
8300.0,19779.0,1.0
8317.0,8318.0,1.0
8317.0,14318.0,1.0
8317.0,17911.0,1.0
8317.0,13954.0,1.0
8318.0,1989.0,1.0
8318.0,6539.0,1.0
8318.0,14556.0,1.0
16518.0,10012.0,1.0
142.0,143.0,1.0
142.0,3782.0,1.0
143.0,2630.0,1.0
143.0,583.0,1.0
16545.0,12604.0,1.0
16545.0,16554.0,1.0
16545.0,16555.0,1.0
16549.0,14015.0,1.0
16549.0,16555.0,1.0
16550.0,9688.0,1.0
16550.0,14284.0,1.0
16550.0,16556.0,1.0
16554.0,14015.0,1.0
16555.0,1221.0,1.0
16556.0,16557.0,1.0
16557.0,13117.0,1.0
181.0,182.0,1.0
181.0,1644.0,1.0
181.0,7147.0,1.0
181.0,18071.0,1.0
182.0,8650.0,1.0
182.0,10530.0,1.0
182.0,786.0,1.0
8382.0,8383.0,1.0
8382.0,18205.0,1.0
8382.0,17918.0,1.0
8383.0,2134.0,1.0
8383.0,3131.0,1.0
8383.0,5187.0,1.0
16579.0,2690.0,1.0
8387.0,4938.0,1.0
8387.0,8593.0,1.0
16581.0,13136.0,1.0
8391.0,393.0,1.0
8391.0,13109.0,1.0
8391.0,15248.0,1.0
8393.0,8394.0,1.0
8393.0,17517.0,1.0
8393.0,22318.0,1.0
8393.0,20858.0,1.0
215.0,216.0,1.0
215.0,752.0,1.0
215.0,10929.0,1.0
215.0,15985.0,1.0
216.0,3853.0,1.0
216.0,11478.0,1.0
216.0,15591.0,1.0
16605.0,16606.0,1.0
16605.0,22930.0,1.0
16605.0,17891.0,1.0
16606.0,16635.0,1.0
16606.0,16636.0,1.0
16606.0,16973.0,1.0
16608.0,5934.0,1.0
16608.0,16609.0,1.0
16608.0,21798.0,1.0
16608.0,21803.0,1.0
16611.0,16844.0,1.0
16615.0,5933.0,1.0
16615.0,11152.0,1.0
16615.0,18213.0,1.0
233.0,234.0,1.0
233.0,6513.0,1.0
233.0,1382.0,1.0
233.0,6737.0,1.0
234.0,1109.0,1.0
234.0,9549.0,1.0
234.0,1150.0,1.0
239.0,240.0,1.0
239.0,7637.0,1.0
239.0,1259.0,1.0
239.0,6539.0,1.0
240.0,3660.0,1.0
240.0,5582.0,1.0
240.0,7168.0,1.0
8436.0,2109.0,1.0
8436.0,8023.0,1.0
8438.0,2135.0,1.0
8438.0,4352.0,1.0
8438.0,4395.0,1.0
8438.0,5554.0,1.0
16635.0,8512.0,1.0
16635.0,16637.0,1.0
16635.0,19351.0,1.0
16635.0,17677.0,1.0
16637.0,3853.0,1.0
255.0,256.0,1.0
255.0,6637.0,1.0
255.0,6993.0,1.0
256.0,2457.0,1.0
256.0,2337.0,1.0
8450.0,3298.0,1.0
8450.0,6279.0,1.0
8450.0,8038.0,1.0
8450.0,10475.0,1.0
266.0,4033.0,1.0
266.0,4955.0,1.0
266.0,10978.0,1.0
16661.0,326.0,1.0
16661.0,10533.0,1.0
16661.0,16665.0,1.0
16662.0,9288.0,1.0
16662.0,16663.0,1.0
16662.0,18206.0,1.0
16663.0,18206.0,1.0
16665.0,10533.0,1.0
16665.0,17836.0,1.0
16677.0,16050.0,1.0
16677.0,16678.0,1.0
16677.0,21465.0,1.0
8494.0,1059.0,1.0
8494.0,8495.0,1.0
8494.0,14659.0,1.0
8511.0,1699.0,1.0
8511.0,8152.0,1.0
8511.0,12286.0,1.0
8512.0,4641.0,1.0
8512.0,17891.0,1.0
326.0,327.0,1.0
326.0,10796.0,1.0
326.0,500.0,1.0
8521.0,4188.0,1.0
8521.0,18335.0,1.0
8521.0,16222.0,1.0
338.0,3685.0,1.0
338.0,17936.0,1.0
8531.0,7542.0,1.0
8531.0,9839.0,1.0
8531.0,22985.0,1.0
8536.0,995.0,1.0
8536.0,8537.0,1.0
8536.0,8843.0,1.0
8537.0,7067.0,1.0
8537.0,8844.0,1.0
365.0,366.0,1.0
365.0,4129.0,1.0
365.0,3949.0,1.0
366.0,1946.0,1.0
366.0,16989.0,1.0
8557.0,7111.0,1.0
8557.0,8558.0,1.0
8557.0,9742.0,1.0
8557.0,12012.0,1.0
8558.0,14118.0,1.0
8558.0,12012.0,1.0
8558.0,13206.0,1.0
8559.0,545.0,1.0
8559.0,8560.0,1.0
8559.0,12349.0,1.0
8559.0,10928.0,1.0
8560.0,546.0,1.0
8560.0,2537.0,1.0
380.0,2929.0,1.0
380.0,3050.0,1.0
8581.0,5738.0,1.0
8581.0,8582.0,1.0
8581.0,19107.0,1.0
8583.0,3962.0,1.0
8583.0,7333.0,1.0
8583.0,7874.0,1.0
8583.0,10997.0,1.0
393.0,394.0,1.0
393.0,9863.0,1.0
393.0,15248.0,1.0
394.0,869.0,1.0
394.0,5213.0,1.0
394.0,7664.0,1.0
8590.0,8591.0,1.0
8590.0,11017.0,1.0
8590.0,13800.0,1.0
8591.0,2250.0,1.0
8591.0,7009.0,1.0
8593.0,7771.0,1.0
8593.0,11177.0,1.0
8648.0,2165.0,1.0
8648.0,11632.0,1.0
8650.0,15265.0,1.0
8650.0,14212.0,1.0
8650.0,18367.0,1.0
16844.0,14243.0,1.0
8662.0,3475.0,1.0
8662.0,7154.0,1.0
8662.0,8663.0,1.0
8662.0,9429.0,1.0
8663.0,2727.0,1.0
8663.0,7241.0,1.0
476.0,477.0,1.0
476.0,9387.0,1.0
476.0,14038.0,1.0
477.0,8802.0,1.0
477.0,14863.0,1.0
8675.0,8676.0,1.0
8676.0,19609.0,1.0
8676.0,20981.0,1.0
16869.0,16870.0,1.0
16869.0,16908.0,1.0
16870.0,19522.0,1.0
16877.0,10583.0,1.0
16877.0,14378.0,1.0
16877.0,17509.0,1.0
16877.0,21072.0,1.0
16881.0,9784.0,1.0
16881.0,11240.0,1.0
500.0,10532.0,1.0
500.0,14074.0,1.0
8698.0,2922.0,1.0
8698.0,5807.0,1.0
8698.0,12319.0,1.0
8698.0,22848.0,1.0
8708.0,8709.0,1.0
8708.0,10583.0,1.0
8708.0,14378.0,1.0
8709.0,17637.0,1.0
8709.0,17643.0,1.0
8709.0,9753.0,1.0
8710.0,7977.0,1.0
8710.0,17936.0,1.0
16908.0,4811.0,1.0
16908.0,13222.0,1.0
16908.0,16937.0,1.0
8718.0,1739.0,1.0
8718.0,3046.0,1.0
8718.0,12114.0,1.0
8723.0,1110.0,1.0
8723.0,3475.0,1.0
8723.0,4187.0,1.0
8723.0,7154.0,1.0
16916.0,16917.0,1.0
16916.0,18221.0,1.0
16916.0,22688.0,1.0
542.0,17753.0,1.0
542.0,5665.0,1.0
542.0,6744.0,1.0
8736.0,8737.0,1.0
545.0,546.0,1.0
545.0,6050.0,1.0
545.0,13743.0,1.0
546.0,19612.0,1.0
8737.0,18153.0,1.0
8737.0,22272.0,1.0
16929.0,716.0,1.0
16929.0,19255.0,1.0
16929.0,19784.0,1.0
551.0,552.0,1.0
551.0,4524.0,1.0
551.0,734.0,1.0
552.0,735.0,1.0
552.0,17656.0,1.0
16941.0,15934.0,1.0
16941.0,16942.0,1.0
16941.0,21052.0,1.0
8752.0,8753.0,1.0
8752.0,15048.0,1.0
8752.0,20008.0,1.0
583.0,584.0,1.0
583.0,14898.0,1.0
583.0,7697.0,1.0
584.0,2630.0,1.0
584.0,14438.0,1.0
584.0,7698.0,1.0
8790.0,3224.0,1.0
8790.0,9329.0,1.0
16989.0,21263.0,1.0
16989.0,22607.0,1.0
8802.0,5417.0,1.0
8802.0,12432.0,1.0
8843.0,4223.0,1.0
8843.0,8844.0,1.0
8843.0,15154.0,1.0
8844.0,6032.0,1.0
8844.0,12784.0,1.0
655.0,656.0,1.0
655.0,3710.0,1.0
655.0,14284.0,1.0
656.0,2028.0,1.0
656.0,6901.0,1.0
656.0,5935.0,1.0
659.0,660.0,1.0
659.0,1978.0,1.0
659.0,10686.0,1.0
659.0,22300.0,1.0
660.0,2540.0,1.0
660.0,10687.0,1.0
8853.0,7874.0,1.0
8853.0,15270.0,1.0
8853.0,14613.0,1.0
8876.0,8877.0,1.0
8876.0,12167.0,1.0
8876.0,13191.0,1.0
8877.0,1597.0,1.0
8877.0,5905.0,1.0
8877.0,10997.0,1.0
8881.0,3531.0,1.0
8881.0,8882.0,1.0
8881.0,13917.0,1.0
8900.0,8901.0,1.0
8900.0,9329.0,1.0
8900.0,12234.0,1.0
8901.0,7110.0,1.0
8901.0,7291.0,1.0
8903.0,8904.0,1.0
8903.0,9337.0,1.0
8903.0,9262.0,1.0
8904.0,12382.0,1.0
8904.0,14514.0,1.0
716.0,717.0,1.0
716.0,15048.0,1.0
717.0,7947.0,1.0
717.0,9622.0,1.0
717.0,5627.0,1.0
8912.0,1194.0,1.0
8912.0,5300.0,1.0
8912.0,20858.0,1.0
8912.0,22788.0,1.0
8923.0,8924.0,1.0
8923.0,9334.0,1.0
8924.0,6819.0,1.0
8924.0,13170.0,1.0
734.0,735.0,1.0
734.0,3779.0,1.0
734.0,12765.0,1.0
735.0,7093.0,1.0
735.0,14488.0,1.0
8946.0,7977.0,1.0
8946.0,10481.0,1.0
8946.0,17936.0,1.0
8958.0,7342.0,1.0
8958.0,7343.0,1.0
8958.0,8959.0,1.0
8958.0,15937.0,1.0
8959.0,13210.0,1.0
8959.0,22265.0,1.0
8973.0,998.0,1.0
8973.0,11497.0,1.0
8973.0,10277.0,1.0
783.0,15409.0,1.0
783.0,21034.0,1.0
8977.0,1825.0,1.0
8977.0,12641.0,1.0
786.0,18071.0,1.0
786.0,18367.0,1.0
8981.0,11666.0,1.0
8981.0,12169.0,1.0
8981.0,22132.0,1.0
17186.0,12629.0,1.0
8995.0,7305.0,1.0
8995.0,9066.0,1.0
8995.0,10160.0,1.0
8995.0,12341.0,1.0
810.0,811.0,1.0
810.0,10375.0,1.0
810.0,11488.0,1.0
811.0,5289.0,1.0
811.0,11828.0,1.0
9010.0,9011.0,1.0
9011.0,1143.0,1.0
9011.0,13235.0,1.0
829.0,940.0,1.0
829.0,6917.0,1.0
9033.0,9034.0,1.0
9033.0,12821.0,1.0
9033.0,10124.0,1.0
9034.0,12822.0,1.0
9034.0,19018.0,1.0
850.0,3108.0,1.0
850.0,10571.0,1.0
850.0,1432.0,1.0
17238.0,2474.0,1.0
17238.0,15785.0,1.0
869.0,870.0,1.0
869.0,5213.0,1.0
869.0,18149.0,1.0
869.0,7691.0,1.0
870.0,4194.0,1.0
870.0,12411.0,1.0
870.0,3599.0,1.0
9066.0,10961.0,1.0
9066.0,10156.0,1.0
9066.0,23253.0,1.0
9081.0,9082.0,1.0
9081.0,10913.0,1.0
9081.0,17831.0,1.0
9082.0,13959.0,1.0
17279.0,19594.0,1.0
909.0,2666.0,1.0
909.0,7583.0,1.0
909.0,14257.0,1.0
940.0,9448.0,1.0
940.0,14583.0,1.0
940.0,9820.0,1.0
940.0,19812.0,1.0
17326.0,17327.0,1.0
17326.0,19721.0,1.0
17327.0,14075.0,1.0
17327.0,20025.0,1.0
17327.0,20769.0,1.0
9149.0,4240.0,1.0
9149.0,6139.0,1.0
9149.0,10851.0,1.0
9149.0,10377.0,1.0
961.0,962.0,1.0
961.0,1057.0,1.0
961.0,10874.0,1.0
962.0,5814.0,1.0
9165.0,3887.0,1.0
9165.0,3888.0,1.0
9165.0,9166.0,1.0
9165.0,18108.0,1.0
9165.0,14503.0,1.0
17367.0,2338.0,1.0
17367.0,2457.0,1.0
17367.0,10666.0,1.0
9182.0,7438.0,1.0
9182.0,9183.0,1.0
9183.0,14900.0,1.0
9183.0,23011.0,1.0
994.0,995.0,1.0
994.0,1756.0,1.0
994.0,4150.0,1.0
994.0,6645.0,1.0
995.0,4557.0,1.0
995.0,13366.0,1.0
998.0,999.0,1.0
998.0,7966.0,1.0
998.0,1990.0,1.0
999.0,17865.0,1.0
999.0,14189.0,1.0
9192.0,6111.0,1.0
9192.0,7428.0,1.0
9192.0,13588.0,1.0
9193.0,14815.0,1.0
9193.0,14927.0,1.0
9193.0,10608.0,1.0
9201.0,11065.0,1.0
9201.0,13166.0,1.0
17406.0,17407.0,1.0
17406.0,18179.0,1.0
17406.0,20809.0,1.0
1035.0,1036.0,1.0
1035.0,15165.0,1.0
1035.0,18343.0,1.0
1035.0,17824.0,1.0
1036.0,2822.0,1.0
1036.0,2989.0,1.0
1036.0,5262.0,1.0
9233.0,9234.0,1.0
9233.0,13600.0,1.0
9233.0,12593.0,1.0
9233.0,22891.0,1.0
9234.0,17653.0,1.0
9236.0,2982.0,1.0
9236.0,3518.0,1.0
9236.0,3639.0,1.0
9236.0,12344.0,1.0
9238.0,1446.0,1.0
9238.0,6646.0,1.0
9238.0,6913.0,1.0
9238.0,13366.0,1.0
1057.0,10733.0,1.0
1057.0,14695.0,1.0
1058.0,1059.0,1.0
1058.0,15961.0,1.0
1058.0,19371.0,1.0
1059.0,7916.0,1.0
9262.0,5072.0,1.0
9262.0,15025.0,1.0
17455.0,3547.0,1.0
17455.0,18160.0,1.0
17456.0,12257.0,1.0
17456.0,12258.0,1.0
17456.0,17460.0,1.0
1075.0,1076.0,1.0
1075.0,13479.0,1.0
1076.0,17634.0,1.0
17461.0,11178.0,1.0
17461.0,16061.0,1.0
17461.0,17460.0,1.0
17461.0,17573.0,1.0
17460.0,11177.0,1.0
9288.0,10161.0,1.0
1109.0,1110.0,1.0
1109.0,1151.0,1.0
1109.0,11983.0,1.0
1110.0,5004.0,1.0
1110.0,18515.0,1.0
9305.0,3638.0,1.0
9305.0,3643.0,1.0
9305.0,15533.0,1.0
9306.0,1250.0,1.0
9306.0,17526.0,1.0
9311.0,1534.0,1.0
9311.0,13219.0,1.0
9311.0,10087.0,1.0
17509.0,10584.0,1.0
17509.0,20616.0,1.0
17509.0,21875.0,1.0
9324.0,7635.0,1.0
9324.0,13278.0,1.0
17517.0,14110.0,1.0
17518.0,14109.0,1.0
17518.0,23196.0,1.0
9329.0,13830.0,1.0
17522.0,14663.0,1.0
17522.0,17525.0,1.0
17522.0,20856.0,1.0
17525.0,17526.0,1.0
17526.0,10556.0,1.0
1142.0,1143.0,1.0
1142.0,6939.0,1.0
9335.0,3449.0,1.0
9335.0,18149.0,1.0
9335.0,9521.0,1.0
1143.0,3400.0,1.0
1143.0,2375.0,1.0
17529.0,17530.0,1.0
17529.0,17531.0,1.0
17531.0,2113.0,1.0
17531.0,5451.0,1.0
17531.0,17530.0,1.0
17530.0,7000.0,1.0
9340.0,9341.0,1.0
9340.0,17572.0,1.0
9340.0,17710.0,1.0
1150.0,1151.0,1.0
1150.0,6737.0,1.0
1151.0,21899.0,1.0
9341.0,4666.0,1.0
9341.0,11828.0,1.0
17533.0,3685.0,1.0
17533.0,12346.0,1.0
17533.0,12629.0,1.0
9337.0,10814.0,1.0
9337.0,10905.0,1.0
9337.0,12382.0,1.0
17542.0,13999.0,1.0
17542.0,15189.0,1.0
17542.0,17544.0,1.0
17544.0,14191.0,1.0
17544.0,17563.0,1.0
17544.0,19570.0,1.0
1167.0,5015.0,1.0
1167.0,17951.0,1.0
17560.0,4163.0,1.0
17560.0,5375.0,1.0
17560.0,18206.0,1.0
17561.0,14955.0,1.0
17561.0,15489.0,1.0
17561.0,15969.0,1.0
17561.0,18027.0,1.0
17563.0,12821.0,1.0
17563.0,13999.0,1.0
17563.0,17827.0,1.0
17565.0,15265.0,1.0
17565.0,18367.0,1.0
1183.0,7753.0,1.0
1183.0,10067.0,1.0
17572.0,5289.0,1.0
17572.0,10065.0,1.0
17573.0,2415.0,1.0
17573.0,19966.0,1.0
1191.0,1192.0,1.0
1191.0,1492.0,1.0
1191.0,10851.0,1.0
1192.0,6980.0,1.0
1192.0,14464.0,1.0
1193.0,1194.0,1.0
1193.0,22935.0,1.0
1194.0,9980.0,1.0
1194.0,12832.0,1.0
9387.0,3919.0,1.0
9387.0,14863.0,1.0
9387.0,10749.0,1.0
17577.0,10365.0,1.0
17577.0,13661.0,1.0
17577.0,14381.0,1.0
17577.0,17643.0,1.0
17592.0,10699.0,1.0
17592.0,10708.0,1.0
17592.0,14955.0,1.0
17592.0,22233.0,1.0
9402.0,7614.0,1.0
9402.0,17761.0,1.0
9402.0,10533.0,1.0
17599.0,2666.0,1.0
17599.0,9931.0,1.0
17599.0,13661.0,1.0
17599.0,14257.0,1.0
1220.0,1221.0,1.0
1220.0,2990.0,1.0
1220.0,14213.0,1.0
1220.0,12604.0,1.0
1221.0,7012.0,1.0
17611.0,12558.0,1.0
17611.0,17612.0,1.0
17612.0,14659.0,1.0
17618.0,18107.0,1.0
17618.0,18160.0,1.0
9429.0,3474.0,1.0
9429.0,7241.0,1.0
9429.0,7387.0,1.0
1242.0,1243.0,1.0
1242.0,1368.0,1.0
1242.0,7455.0,1.0
1242.0,9939.0,1.0
1243.0,8184.0,1.0
1243.0,11996.0,1.0
17633.0,9652.0,1.0
17633.0,14008.0,1.0
17633.0,14009.0,1.0
17633.0,17911.0,1.0
17634.0,12798.0,1.0
17634.0,13479.0,1.0
1250.0,1251.0,1.0
1250.0,19274.0,1.0
17635.0,4138.0,1.0
17635.0,6550.0,1.0
17635.0,10881.0,1.0
17635.0,15798.0,1.0
1251.0,4046.0,1.0
1251.0,10556.0,1.0
17637.0,10583.0,1.0
17637.0,11152.0,1.0
17637.0,13222.0,1.0
9448.0,1368.0,1.0
9448.0,6928.0,1.0
9448.0,7455.0,1.0
17641.0,15600.0,1.0
17641.0,15601.0,1.0
17643.0,15651.0,1.0
1259.0,7168.0,1.0
1259.0,17676.0,1.0
17653.0,18115.0,1.0
17656.0,7093.0,1.0
17656.0,11460.0,1.0
17657.0,10516.0,1.0
17657.0,11478.0,1.0
17657.0,17677.0,1.0
17667.0,2989.0,1.0
17667.0,5262.0,1.0
17667.0,5817.0,1.0
17667.0,11809.0,1.0
17668.0,10342.0,1.0
17668.0,11209.0,1.0
17671.0,14631.0,1.0
17671.0,15101.0,1.0
17671.0,18108.0,1.0
17676.0,2234.0,1.0
17676.0,7637.0,1.0
1293.0,1294.0,1.0
1293.0,11512.0,1.0
1293.0,23016.0,1.0
1294.0,12114.0,1.0
17679.0,13803.0,1.0
17679.0,20012.0,1.0
17689.0,3153.0,1.0
17689.0,10417.0,1.0
17689.0,13287.0,1.0
17689.0,17690.0,1.0
17690.0,5184.0,1.0
17690.0,9558.0,1.0
17694.0,5817.0,1.0
17694.0,12849.0,1.0
17694.0,18474.0,1.0
17694.0,22233.0,1.0
9503.0,3961.0,1.0
9503.0,5904.0,1.0
9503.0,9504.0,1.0
9504.0,3962.0,1.0
9504.0,5905.0,1.0
9504.0,10997.0,1.0
9509.0,3875.0,1.0
9509.0,7110.0,1.0
9509.0,14306.0,1.0
9509.0,14613.0,1.0
17710.0,1733.0,1.0
17710.0,4665.0,1.0
9521.0,2791.0,1.0
9521.0,15487.0,1.0
9522.0,7771.0,1.0
1331.0,1332.0,1.0
1331.0,12475.0,1.0
1331.0,18097.0,1.0
1332.0,5919.0,1.0
1332.0,5592.0,1.0
1332.0,12476.0,1.0
1335.0,1336.0,1.0
1335.0,7290.0,1.0
1335.0,19250.0,1.0
1336.0,1825.0,1.0
1336.0,14795.0,1.0
1336.0,7291.0,1.0
1337.0,1338.0,1.0
1337.0,7730.0,1.0
1337.0,10858.0,1.0
1337.0,12411.0,1.0
1338.0,2165.0,1.0
1338.0,11632.0,1.0
1338.0,18674.0,1.0
1344.0,1345.0,1.0
1344.0,14613.0,1.0
1344.0,18080.0,1.0
1345.0,7874.0,1.0
1345.0,3962.0,1.0
9548.0,3778.0,1.0
9548.0,4524.0,1.0
9549.0,5004.0,1.0
17748.0,2790.0,1.0
17748.0,14561.0,1.0
17748.0,15487.0,1.0
17748.0,18038.0,1.0
9558.0,5807.0,1.0
9558.0,10417.0,1.0
9558.0,9796.0,1.0
1368.0,9706.0,1.0
1368.0,14583.0,1.0
17753.0,6743.0,1.0
17761.0,15440.0,1.0
17761.0,17904.0,1.0
1378.0,1377.0,1.0
1378.0,7094.0,1.0
1378.0,14189.0,1.0
1377.0,14488.0,1.0
1377.0,7093.0,1.0
1377.0,17865.0,1.0
9570.0,6439.0,1.0
9570.0,14825.0,1.0
9570.0,13229.0,1.0
9570.0,11657.0,1.0
9571.0,5213.0,1.0
9571.0,11553.0,1.0
9571.0,14561.0,1.0
9574.0,9575.0,1.0
9574.0,13800.0,1.0
9574.0,22177.0,1.0
1382.0,1383.0,1.0
1382.0,3298.0,1.0
1382.0,6736.0,1.0
1383.0,5630.0,1.0
1383.0,6513.0,1.0
1383.0,3299.0,1.0
1392.0,1393.0,1.0
1392.0,3456.0,1.0
1392.0,3050.0,1.0
1392.0,2457.0,1.0
1393.0,11657.0,1.0
1393.0,14825.0,1.0
9586.0,5904.0,1.0
9586.0,12464.0,1.0
9586.0,9720.0,1.0
9601.0,9602.0,1.0
9601.0,11762.0,1.0
9601.0,10711.0,1.0
9601.0,21761.0,1.0
9602.0,2109.0,1.0
9602.0,8023.0,1.0
17802.0,3598.0,1.0
17802.0,10813.0,1.0
17802.0,17803.0,1.0
17803.0,15008.0,1.0
1426.0,1427.0,1.0
1426.0,9711.0,1.0
1426.0,7698.0,1.0
1426.0,10822.0,1.0
1427.0,3436.0,1.0
1427.0,11597.0,1.0
1428.0,1429.0,1.0
1428.0,9959.0,1.0
1428.0,13874.0,1.0
1428.0,19691.0,1.0
1429.0,3773.0,1.0
1429.0,3447.0,1.0
9621.0,2283.0,1.0
9621.0,9622.0,1.0
9621.0,14343.0,1.0
9622.0,11377.0,1.0
1432.0,1433.0,1.0
1432.0,5901.0,1.0
1433.0,5461.0,1.0
1433.0,4782.0,1.0
17817.0,5976.0,1.0
17817.0,10365.0,1.0
17817.0,17816.0,1.0
17816.0,9754.0,1.0
17816.0,21465.0,1.0
9628.0,7265.0,1.0
17824.0,2822.0,1.0
17824.0,6566.0,1.0
17824.0,15164.0,1.0
17827.0,12822.0,1.0
17827.0,14000.0,1.0
17827.0,18943.0,1.0
1444.0,1445.0,1.0
1444.0,4566.0,1.0
1444.0,3781.0,1.0
1444.0,10722.0,1.0
1445.0,11764.0,1.0
1445.0,12632.0,1.0
1445.0,10377.0,1.0
17834.0,2822.0,1.0
17834.0,2989.0,1.0
17834.0,7147.0,1.0
17834.0,15531.0,1.0
17836.0,10796.0,1.0
17836.0,13336.0,1.0
17836.0,15228.0,1.0
9648.0,1967.0,1.0
9648.0,3888.0,1.0
9648.0,11686.0,1.0
9648.0,14503.0,1.0
9652.0,9653.0,1.0
9652.0,13300.0,1.0
9653.0,12765.0,1.0
9653.0,14008.0,1.0
1470.0,1471.0,1.0
1470.0,5935.0,1.0
1470.0,2028.0,1.0
1470.0,4268.0,1.0
1471.0,14647.0,1.0
1471.0,7665.0,1.0
1477.0,1739.0,1.0
1477.0,12114.0,1.0
17864.0,1941.0,1.0
17864.0,6279.0,1.0
17864.0,11959.0,1.0
17865.0,7966.0,1.0
17865.0,14009.0,1.0
17871.0,7527.0,1.0
17871.0,12257.0,1.0
9682.0,3107.0,1.0
9682.0,5482.0,1.0
9682.0,21766.0,1.0
9688.0,7238.0,1.0
9688.0,9865.0,1.0
9690.0,7189.0,1.0
9690.0,8158.0,1.0
9690.0,13698.0,1.0
1505.0,1506.0,1.0
1505.0,11512.0,1.0
1505.0,18432.0,1.0
17891.0,13853.0,1.0
17893.0,1690.0,1.0
17893.0,4479.0,1.0
17893.0,12784.0,1.0
17893.0,15875.0,1.0
9706.0,9939.0,1.0
9706.0,10811.0,1.0
9706.0,19404.0,1.0
1517.0,6566.0,1.0
1517.0,15164.0,1.0
1517.0,14142.0,1.0
9710.0,9711.0,1.0
9710.0,10821.0,1.0
9711.0,7697.0,1.0
17904.0,18078.0,1.0
17911.0,13300.0,1.0
17911.0,14556.0,1.0
9720.0,4000.0,1.0
9720.0,11842.0,1.0
1533.0,1534.0,1.0
1533.0,13219.0,1.0
17918.0,10349.0,1.0
17918.0,13454.0,1.0
17919.0,2135.0,1.0
17919.0,4352.0,1.0
17919.0,5152.0,1.0
17919.0,20965.0,1.0
1534.0,1743.0,1.0
17925.0,3852.0,1.0
17925.0,10143.0,1.0
17925.0,19772.0,1.0
17933.0,10144.0,1.0
17933.0,14162.0,1.0
17933.0,17990.0,1.0
17933.0,19772.0,1.0
9742.0,5071.0,1.0
9742.0,5397.0,1.0
9742.0,13779.0,1.0
9745.0,1795.0,1.0
9745.0,5530.0,1.0
9745.0,13540.0,1.0
9745.0,18957.0,1.0
9753.0,9754.0,1.0
9753.0,10365.0,1.0
9753.0,13222.0,1.0
9754.0,4811.0,1.0
9754.0,6755.0,1.0
9754.0,10365.0,1.0
9755.0,1756.0,1.0
9755.0,4150.0,1.0
9755.0,7997.0,1.0
9755.0,12286.0,1.0
17948.0,4311.0,1.0
17948.0,4880.0,1.0
17948.0,10893.0,1.0
17948.0,12040.0,1.0
17951.0,4499.0,1.0
17951.0,6100.0,1.0
17964.0,18027.0,1.0
17964.0,22152.0,1.0
17964.0,22222.0,1.0
17971.0,14647.0,1.0
17971.0,18289.0,1.0
1590.0,1591.0,1.0
1590.0,7334.0,1.0
1590.0,11725.0,1.0
1590.0,10961.0,1.0
1591.0,5918.0,1.0
1591.0,12341.0,1.0
1591.0,7564.0,1.0
9784.0,1733.0,1.0
9784.0,14694.0,1.0
1596.0,1597.0,1.0
1596.0,12167.0,1.0
1596.0,23252.0,1.0
1597.0,10156.0,1.0
1597.0,10295.0,1.0
17981.0,5874.0,1.0
17981.0,7343.0,1.0
17981.0,22265.0,1.0
9791.0,2946.0,1.0
9791.0,4338.0,1.0
9791.0,5429.0,1.0
9791.0,9820.0,1.0
9796.0,5808.0,1.0
17990.0,13401.0,1.0
17990.0,19772.0,1.0
1612.0,1613.0,1.0
1612.0,7402.0,1.0
1612.0,13642.0,1.0
1613.0,3642.0,1.0
1617.0,1618.0,1.0
1617.0,10189.0,1.0
1617.0,9334.0,1.0
1618.0,7542.0,1.0
1618.0,9334.0,1.0
1618.0,2690.0,1.0
9812.0,2283.0,1.0
9812.0,7732.0,1.0
9812.0,14485.0,1.0
9812.0,10719.0,1.0
9819.0,4107.0,1.0
9819.0,4383.0,1.0
9819.0,7838.0,1.0
9819.0,9984.0,1.0
9820.0,6917.0,1.0
9820.0,6928.0,1.0
18016.0,6968.0,1.0
18016.0,7088.0,1.0
18016.0,22942.0,1.0
18019.0,5757.0,1.0
18023.0,4811.0,1.0
18023.0,15537.0,1.0
18023.0,18407.0,1.0
18023.0,18213.0,1.0
18025.0,13135.0,1.0
18025.0,14995.0,1.0
18027.0,15969.0,1.0
1643.0,1644.0,1.0
1643.0,6566.0,1.0
1643.0,22871.0,1.0
1644.0,2753.0,1.0
1644.0,11395.0,1.0
9839.0,3980.0,1.0
9839.0,13552.0,1.0
18038.0,10666.0,1.0
18038.0,21169.0,1.0
18038.0,19673.0,1.0
9862.0,5274.0,1.0
9862.0,5996.0,1.0
9862.0,9863.0,1.0
9862.0,10813.0,1.0
9863.0,7691.0,1.0
9865.0,6600.0,1.0
9865.0,7239.0,1.0
9865.0,13117.0,1.0
18071.0,11395.0,1.0
1689.0,1690.0,1.0
1689.0,3642.0,1.0
1689.0,4479.0,1.0
1690.0,3643.0,1.0
18078.0,14513.0,1.0
18078.0,21899.0,1.0
18079.0,3429.0,1.0
18079.0,14230.0,1.0
18080.0,3961.0,1.0
18080.0,14306.0,1.0
18081.0,2555.0,1.0
18081.0,10363.0,1.0
18081.0,14109.0,1.0
1699.0,5375.0,1.0
1700.0,3368.0,1.0
1700.0,15826.0,1.0
1700.0,12774.0,1.0
18097.0,2929.0,1.0
18097.0,5591.0,1.0
18097.0,11424.0,1.0
18100.0,13588.0,1.0
18107.0,16061.0,1.0
18107.0,19957.0,1.0
18107.0,19975.0,1.0
18115.0,18116.0,1.0
18116.0,19494.0,1.0
18116.0,22567.0,1.0
1733.0,1734.0,1.0
1733.0,13844.0,1.0
1734.0,10065.0,1.0
1734.0,3813.0,1.0
1732.0,1731.0,1.0
1732.0,2282.0,1.0
1732.0,14343.0,1.0
1731.0,3897.0,1.0
1737.0,1738.0,1.0
1737.0,5738.0,1.0
1737.0,15134.0,1.0
1738.0,12877.0,1.0
1738.0,13495.0,1.0
1738.0,13135.0,1.0
1739.0,1740.0,1.0
1739.0,15166.0,1.0
1740.0,4824.0,1.0
1740.0,13627.0,1.0
9931.0,4755.0,1.0
9931.0,18308.0,1.0
1743.0,10910.0,1.0
1743.0,7009.0,1.0
9936.0,6804.0,1.0
9936.0,11858.0,1.0
9936.0,13601.0,1.0
9939.0,9940.0,1.0
9939.0,11996.0,1.0
18136.0,6732.0,1.0
18136.0,14695.0,1.0
1756.0,8153.0,1.0
1756.0,15228.0,1.0
9954.0,2727.0,1.0
9954.0,4282.0,1.0
18149.0,3450.0,1.0
18149.0,12411.0,1.0
18151.0,12311.0,1.0
18151.0,12344.0,1.0
18151.0,15533.0,1.0
18151.0,18986.0,1.0
9959.0,7598.0,1.0
18153.0,18175.0,1.0
18155.0,4222.0,1.0
18155.0,4886.0,1.0
18155.0,7565.0,1.0
18160.0,19965.0,1.0
9980.0,3972.0,1.0
18175.0,12659.0,1.0
9984.0,10204.0,1.0
9984.0,10905.0,1.0
9984.0,12156.0,1.0
9985.0,5397.0,1.0
9985.0,9986.0,1.0
9985.0,12012.0,1.0
9985.0,13867.0,1.0
1794.0,1795.0,1.0
1794.0,1888.0,1.0
1794.0,5530.0,1.0
1794.0,14820.0,1.0
1795.0,5755.0,1.0
9988.0,4289.0,1.0
9988.0,9989.0,1.0
9989.0,11315.0,1.0
9989.0,13698.0,1.0
9986.0,13204.0,1.0
9986.0,18600.0,1.0
9986.0,18619.0,1.0
18179.0,18221.0,1.0
10012.0,10013.0,1.0
10012.0,11209.0,1.0
10012.0,10341.0,1.0
18205.0,5187.0,1.0
18205.0,10574.0,1.0
1825.0,7110.0,1.0
1825.0,3875.0,1.0
10017.0,2331.0,1.0
10017.0,6824.0,1.0
10017.0,10067.0,1.0
18213.0,11152.0,1.0
18213.0,18407.0,1.0
10030.0,10031.0,1.0
10030.0,12597.0,1.0
10030.0,12625.0,1.0
18224.0,10608.0,1.0
18224.0,10992.0,1.0
18224.0,22007.0,1.0
18227.0,13677.0,1.0
18227.0,15753.0,1.0
18247.0,10766.0,1.0
18247.0,15969.0,1.0
18247.0,19629.0,1.0
18252.0,13943.0,1.0
18252.0,14770.0,1.0
18252.0,20549.0,1.0
10065.0,6043.0,1.0
10067.0,7753.0,1.0
10078.0,4641.0,1.0
10078.0,7087.0,1.0
10078.0,10516.0,1.0
10078.0,11478.0,1.0
1888.0,7678.0,1.0
1888.0,11597.0,1.0
1888.0,3436.0,1.0
10087.0,6750.0,1.0
10087.0,7979.0,1.0
18279.0,5428.0,1.0
18279.0,5429.0,1.0
18279.0,12132.0,1.0
18279.0,15780.0,1.0
18289.0,19612.0,1.0
18308.0,13660.0,1.0
18308.0,14992.0,1.0
18308.0,19493.0,1.0
1930.0,6139.0,1.0
1930.0,2114.0,1.0
18315.0,2375.0,1.0
18315.0,10780.0,1.0
18315.0,18387.0,1.0
10124.0,10125.0,1.0
10124.0,23144.0,1.0
18318.0,4059.0,1.0
18318.0,15223.0,1.0
18318.0,21924.0,1.0
18317.0,10407.0,1.0
18317.0,15600.0,1.0
1941.0,1942.0,1.0
1941.0,14821.0,1.0
1942.0,6279.0,1.0
1942.0,6736.0,1.0
1942.0,3298.0,1.0
1946.0,3949.0,1.0
1946.0,11288.0,1.0
1946.0,6723.0,1.0
1947.0,1948.0,1.0
1947.0,5979.0,1.0
1947.0,1974.0,1.0
1948.0,10407.0,1.0
1948.0,12997.0,1.0
18335.0,5450.0,1.0
18335.0,5451.0,1.0
10144.0,10143.0,1.0
18343.0,5262.0,1.0
18343.0,10328.0,1.0
18343.0,10708.0,1.0
10156.0,10296.0,1.0
10156.0,23252.0,1.0
1966.0,1967.0,1.0
1966.0,5667.0,1.0
1966.0,11686.0,1.0
1967.0,20766.0,1.0
10160.0,10161.0,1.0
10160.0,23253.0,1.0
10161.0,4162.0,1.0
18356.0,2154.0,1.0
18356.0,19340.0,1.0
1973.0,1974.0,1.0
1973.0,5979.0,1.0
1973.0,7947.0,1.0
1974.0,2782.0,1.0
1974.0,12997.0,1.0
1978.0,1979.0,1.0
1978.0,11985.0,1.0
1978.0,22297.0,1.0
1979.0,6070.0,1.0
1979.0,22299.0,1.0
1989.0,1990.0,1.0
1989.0,4135.0,1.0
1989.0,5582.0,1.0
1990.0,4136.0,1.0
1990.0,14556.0,1.0
10189.0,14514.0,1.0
10189.0,19120.0,1.0
18387.0,13109.0,1.0
18387.0,15248.0,1.0
18387.0,20938.0,1.0
10204.0,7139.0,1.0
10204.0,7178.0,1.0
10204.0,7320.0,1.0
18407.0,19559.0,1.0
2028.0,13117.0,1.0
2028.0,7665.0,1.0
18432.0,23015.0,1.0
18460.0,8062.0,1.0
18460.0,18497.0,1.0
2078.0,2235.0,1.0
2078.0,10348.0,1.0
2078.0,22605.0,1.0
10274.0,5981.0,1.0
10274.0,10275.0,1.0
10275.0,14703.0,1.0
10277.0,5015.0,1.0
10277.0,19168.0,1.0
18474.0,12849.0,1.0
18474.0,22222.0,1.0
18474.0,22233.0,1.0
10295.0,7333.0,1.0
10295.0,10296.0,1.0
10295.0,10997.0,1.0
10296.0,7334.0,1.0
10296.0,10961.0,1.0
2109.0,2110.0,1.0
2110.0,11368.0,1.0
18496.0,18497.0,1.0
18496.0,22479.0,1.0
2113.0,2114.0,1.0
2113.0,15075.0,1.0
2114.0,7000.0,1.0
2114.0,7738.0,1.0
2125.0,2126.0,1.0
2125.0,2760.0,1.0
2125.0,7094.0,1.0
2125.0,19168.0,1.0
2126.0,4558.0,1.0
2126.0,11460.0,1.0
18515.0,4187.0,1.0
18515.0,11983.0,1.0
18515.0,19796.0,1.0
2133.0,2134.0,1.0
2133.0,6744.0,1.0
2133.0,10655.0,1.0
2133.0,10349.0,1.0
2134.0,3131.0,1.0
2134.0,10349.0,1.0
2135.0,2136.0,1.0
2135.0,12251.0,1.0
2136.0,5755.0,1.0
2136.0,5661.0,1.0
2136.0,20964.0,1.0
10327.0,6962.0,1.0
10327.0,18600.0,1.0
10329.0,10328.0,1.0
10329.0,10699.0,1.0
10329.0,10708.0,1.0
10328.0,5665.0,1.0
10328.0,15165.0,1.0
10341.0,10342.0,1.0
10341.0,12625.0,1.0
10342.0,11209.0,1.0
10342.0,22891.0,1.0
2154.0,2155.0,1.0
2154.0,15692.0,1.0
10348.0,2234.0,1.0
10348.0,4888.0,1.0
10348.0,14631.0,1.0
18541.0,10907.0,1.0
2157.0,2156.0,1.0
2157.0,3972.0,1.0
2157.0,6179.0,1.0
2157.0,12832.0,1.0
2156.0,13368.0,1.0
2156.0,12635.0,1.0
2156.0,12746.0,1.0
10349.0,13454.0,1.0
10350.0,6053.0,1.0
10363.0,2555.0,1.0
10363.0,2556.0,1.0
10363.0,5274.0,1.0
10363.0,13235.0,1.0
10365.0,5746.0,1.0
10365.0,21465.0,1.0
10375.0,4824.0,1.0
10375.0,15020.0,1.0
10376.0,10377.0,1.0
10376.0,11424.0,1.0
10376.0,11764.0,1.0
10377.0,11425.0,1.0
10384.0,6737.0,1.0
10384.0,14821.0,1.0
10384.0,14513.0,1.0
10406.0,10407.0,1.0
18600.0,3530.0,1.0
18600.0,13207.0,1.0
10417.0,3152.0,1.0
10417.0,15441.0,1.0
18611.0,12814.0,1.0
18611.0,15601.0,1.0
2234.0,2235.0,1.0
2234.0,2497.0,1.0
2235.0,2977.0,1.0
2235.0,7637.0,1.0
18619.0,13206.0,1.0
10440.0,5395.0,1.0
10440.0,7653.0,1.0
10440.0,13382.0,1.0
2250.0,2251.0,1.0
2250.0,3582.0,1.0
2251.0,4816.0,1.0
2251.0,7009.0,1.0
10461.0,4645.0,1.0
10461.0,7531.0,1.0
10461.0,12772.0,1.0
10462.0,6970.0,1.0
10462.0,8152.0,1.0
10462.0,10463.0,1.0
10463.0,10796.0,1.0
10463.0,14074.0,1.0
10465.0,7947.0,1.0
10474.0,5920.0,1.0
10474.0,12909.0,1.0
10475.0,3299.0,1.0
10475.0,4352.0,1.0
10475.0,4395.0,1.0
2282.0,2283.0,1.0
2282.0,13364.0,1.0
2282.0,14485.0,1.0
10477.0,2555.0,1.0
2283.0,10718.0,1.0
10481.0,5667.0,1.0
18674.0,10858.0,1.0
2294.0,12369.0,1.0
18687.0,15934.0,1.0
10516.0,4640.0,1.0
2331.0,2332.0,1.0
2331.0,6824.0,1.0
2332.0,3119.0,1.0
2332.0,7753.0,1.0
2332.0,3234.0,1.0
2336.0,11454.0,1.0
2336.0,19570.0,1.0
2337.0,2338.0,1.0
2337.0,6637.0,1.0
2338.0,21169.0,1.0
10530.0,7147.0,1.0
10530.0,14212.0,1.0
10530.0,15531.0,1.0
10532.0,10533.0,1.0
10533.0,11193.0,1.0
10556.0,13897.0,1.0
2374.0,2375.0,1.0
2374.0,6939.0,1.0
2374.0,10780.0,1.0
10571.0,2443.0,1.0
10571.0,3107.0,1.0
10573.0,10574.0,1.0
10573.0,15189.0,1.0
10573.0,13999.0,1.0
10574.0,5188.0,1.0
10574.0,14000.0,1.0
10581.0,2649.0,1.0
10581.0,3010.0,1.0
10581.0,13920.0,1.0
10583.0,10584.0,1.0
10584.0,5933.0,1.0
10584.0,11152.0,1.0
18788.0,11347.0,1.0
18788.0,13382.0,1.0
18788.0,18865.0,1.0
2414.0,2415.0,1.0
2414.0,14105.0,1.0
2414.0,8107.0,1.0
2415.0,2425.0,1.0
2415.0,12437.0,1.0
10608.0,7096.0,1.0
2418.0,2419.0,1.0
2418.0,2791.0,1.0
2418.0,18903.0,1.0
2419.0,4142.0,1.0
2419.0,7730.0,1.0
2425.0,2426.0,1.0
2425.0,7292.0,1.0
2425.0,19966.0,1.0
2426.0,4879.0,1.0
2426.0,14040.0,1.0
2426.0,19967.0,1.0
2443.0,11259.0,1.0
2443.0,4200.0,1.0
2446.0,2447.0,1.0
2446.0,2644.0,1.0
2446.0,6968.0,1.0
2446.0,5300.0,1.0
2447.0,20585.0,1.0
2447.0,21822.0,1.0
10640.0,10641.0,1.0
10640.0,12369.0,1.0
10640.0,10822.0,1.0
10641.0,7060.0,1.0
10641.0,11597.0,1.0
10644.0,12659.0,1.0
10644.0,20682.0,1.0
10644.0,22005.0,1.0
2457.0,11657.0,1.0
10655.0,7436.0,1.0
10655.0,10699.0,1.0
10666.0,11657.0,1.0
2474.0,6440.0,1.0
18865.0,7653.0,1.0
18865.0,19199.0,1.0
18865.0,20908.0,1.0
18865.0,23192.0,1.0
18869.0,11312.0,1.0
18869.0,12798.0,1.0
18869.0,18870.0,1.0
10678.0,2945.0,1.0
10678.0,19014.0,1.0
10686.0,10687.0,1.0
10686.0,11123.0,1.0
10686.0,13156.0,1.0
10687.0,2539.0,1.0
2496.0,2497.0,1.0
2496.0,12834.0,1.0
2497.0,4888.0,1.0
10691.0,5188.0,1.0
10691.0,12321.0,1.0
10691.0,18984.0,1.0
10691.0,15780.0,1.0
10699.0,7437.0,1.0
10708.0,5263.0,1.0
10710.0,6525.0,1.0
10710.0,10711.0,1.0
10710.0,11308.0,1.0
10710.0,11762.0,1.0
10711.0,8023.0,1.0
2521.0,2520.0,1.0
2521.0,7596.0,1.0
2521.0,4296.0,1.0
2521.0,21036.0,1.0
2520.0,3547.0,1.0
2520.0,7498.0,1.0
2520.0,22342.0,1.0
2524.0,2525.0,1.0
2524.0,11454.0,1.0
2524.0,15166.0,1.0
2525.0,13627.0,1.0
10718.0,10719.0,1.0
10719.0,5017.0,1.0
10719.0,19784.0,1.0
10722.0,7738.0,1.0
10722.0,12632.0,1.0
10722.0,19800.0,1.0
2537.0,2538.0,1.0
2537.0,7270.0,1.0
2537.0,12349.0,1.0
2538.0,6026.0,1.0
2538.0,12520.0,1.0
2538.0,7270.0,1.0
2539.0,2540.0,1.0
2539.0,14075.0,1.0
2539.0,21833.0,1.0
2540.0,11985.0,1.0
2540.0,15224.0,1.0
10733.0,10874.0,1.0
18927.0,14142.0,1.0
18935.0,14695.0,1.0
2555.0,2556.0,1.0
2555.0,14110.0,1.0
10749.0,4645.0,1.0
10749.0,14038.0,1.0
10747.0,2665.0,1.0
10747.0,4491.0,1.0
10747.0,6701.0,1.0
10747.0,14778.0,1.0
18943.0,5428.0,1.0
18943.0,14327.0,1.0
18943.0,18944.0,1.0
18944.0,4337.0,1.0
18944.0,12822.0,1.0
18944.0,22640.0,1.0
18957.0,5531.0,1.0
18958.0,7138.0,1.0
18958.0,15826.0,1.0
10766.0,19014.0,1.0
10766.0,19629.0,1.0
10779.0,10780.0,1.0
18984.0,12321.0,1.0
18984.0,15489.0,1.0
18984.0,19629.0,1.0
18986.0,18990.0,1.0
18986.0,20691.0,1.0
10796.0,8152.0,1.0
18989.0,18988.0,1.0
18989.0,18990.0,1.0
18989.0,20660.0,1.0
18988.0,18991.0,1.0
18988.0,18990.0,1.0
18991.0,20664.0,1.0
10810.0,10811.0,1.0
10810.0,14583.0,1.0
10813.0,4194.0,1.0
10813.0,20987.0,1.0
10814.0,7320.0,1.0
19008.0,7634.0,1.0
10821.0,10822.0,1.0
10821.0,12369.0,1.0
10822.0,11597.0,1.0
2630.0,7438.0,1.0
19014.0,12132.0,1.0
19014.0,15780.0,1.0
19015.0,4338.0,1.0
19015.0,15509.0,1.0
19015.0,19016.0,1.0
19018.0,4337.0,1.0
2644.0,6179.0,1.0
2644.0,12832.0,1.0
2649.0,2650.0,1.0
2650.0,13717.0,1.0
2650.0,6750.0,1.0
19039.0,10999.0,1.0
19039.0,22567.0,1.0
10851.0,14464.0,1.0
2664.0,2665.0,1.0
2664.0,4491.0,1.0
2665.0,6702.0,1.0
2665.0,3959.0,1.0
10858.0,4142.0,1.0
2666.0,6826.0,1.0
10881.0,4471.0,1.0
10881.0,5483.0,1.0
2689.0,2690.0,1.0
2689.0,19120.0,1.0
2689.0,19783.0,1.0
2690.0,10907.0,1.0
10893.0,4295.0,1.0
10893.0,4879.0,1.0
10893.0,14040.0,1.0
10905.0,4383.0,1.0
10905.0,7320.0,1.0
10907.0,10908.0,1.0
10907.0,19783.0,1.0
10910.0,13920.0,1.0
10913.0,13959.0,1.0
19109.0,11902.0,1.0
19109.0,22503.0,1.0
2727.0,2728.0,1.0
2728.0,11315.0,1.0
2728.0,4282.0,1.0
2732.0,5554.0,1.0
2732.0,13401.0,1.0
2732.0,14162.0,1.0
19120.0,12382.0,1.0
10929.0,10928.0,1.0
10929.0,12349.0,1.0
10928.0,6050.0,1.0
10928.0,12272.0,1.0
2753.0,2822.0,1.0
2753.0,7147.0,1.0
2753.0,6566.0,1.0
2760.0,4499.0,1.0
2760.0,4558.0,1.0
10961.0,12341.0,1.0
2782.0,2783.0,1.0
2782.0,5628.0,1.0
2783.0,12997.0,1.0
2783.0,14377.0,1.0
19168.0,4499.0,1.0
19168.0,14189.0,1.0
10978.0,12464.0,1.0
2790.0,2791.0,1.0
2791.0,3449.0,1.0
10992.0,10993.0,1.0
10992.0,22141.0,1.0
10993.0,12659.0,1.0
10994.0,3893.0,1.0
10999.0,6600.0,1.0
10999.0,7239.0,1.0
2818.0,2819.0,1.0
2818.0,5153.0,1.0
2818.0,11344.0,1.0
2818.0,23013.0,1.0
2818.0,23017.0,1.0
2819.0,3040.0,1.0
2819.0,7177.0,1.0
11017.0,3774.0,1.0
11022.0,11023.0,1.0
11023.0,14694.0,1.0
11024.0,3999.0,1.0
2831.0,13470.0,1.0
2831.0,15509.0,1.0
2831.0,6944.0,1.0
19240.0,19241.0,1.0
19240.0,20809.0,1.0
19250.0,21955.0,1.0
19250.0,23003.0,1.0
11064.0,11065.0,1.0
11065.0,19617.0,1.0
19274.0,11667.0,1.0
2921.0,2922.0,1.0
2921.0,6752.0,1.0
2921.0,22861.0,1.0
2921.0,22951.0,1.0
2922.0,15441.0,1.0
2922.0,22863.0,1.0
11119.0,7528.0,1.0
11119.0,12898.0,1.0
2929.0,14209.0,1.0
11123.0,5881.0,1.0
11123.0,14075.0,1.0
11123.0,22298.0,1.0
2945.0,2946.0,1.0
2946.0,12132.0,1.0
2946.0,6917.0,1.0
11142.0,11143.0,1.0
11142.0,21109.0,1.0
11145.0,3709.0,1.0
19340.0,19341.0,1.0
19340.0,21273.0,1.0
11152.0,4811.0,1.0
11152.0,13222.0,1.0
19351.0,19352.0,1.0
19351.0,22478.0,1.0
2977.0,13954.0,1.0
2977.0,14318.0,1.0
2982.0,2983.0,1.0
2982.0,12312.0,1.0
2983.0,3518.0,1.0
2983.0,22320.0,1.0
11177.0,11178.0,1.0
11177.0,12258.0,1.0
2989.0,2990.0,1.0
2990.0,11809.0,1.0
2990.0,15531.0,1.0
11193.0,6704.0,1.0
11193.0,7614.0,1.0
3009.0,3010.0,1.0
3009.0,13920.0,1.0
3010.0,7111.0,1.0
3010.0,14118.0,1.0
11209.0,22653.0,1.0
11209.0,22891.0,1.0
19421.0,7531.0,1.0
3040.0,11344.0,1.0
3040.0,7178.0,1.0
3046.0,4824.0,1.0
3046.0,11488.0,1.0
19431.0,7732.0,1.0
19431.0,19784.0,1.0
11240.0,14318.0,1.0
3050.0,7064.0,1.0
3050.0,14209.0,1.0
11259.0,3107.0,1.0
11259.0,6525.0,1.0
11259.0,11762.0,1.0
19469.0,19491.0,1.0
19469.0,19487.0,1.0
19469.0,19651.0,1.0
19473.0,19474.0,1.0
19473.0,19660.0,1.0
19473.0,19492.0,1.0
19473.0,19487.0,1.0
19474.0,21875.0,1.0
19474.0,21072.0,1.0
19474.0,19488.0,1.0
19477.0,5766.0,1.0
19477.0,19490.0,1.0
19477.0,19489.0,1.0
19477.0,22861.0,1.0
19478.0,5934.0,1.0
11288.0,22607.0,1.0
19487.0,19488.0,1.0
19488.0,19595.0,1.0
19488.0,19491.0,1.0
19489.0,15947.0,1.0
19489.0,19492.0,1.0
19489.0,22900.0,1.0
19490.0,22900.0,1.0
19490.0,22860.0,1.0
3107.0,3108.0,1.0
3108.0,5901.0,1.0
3108.0,5482.0,1.0
19493.0,19492.0,1.0
19493.0,21874.0,1.0
19493.0,21072.0,1.0
19492.0,19671.0,1.0
19491.0,19498.0,1.0
19491.0,22886.0,1.0
19498.0,19499.0,1.0
19498.0,22880.0,1.0
19499.0,5934.0,1.0
19499.0,19807.0,1.0
11308.0,4046.0,1.0
11308.0,6524.0,1.0
19503.0,19504.0,1.0
19503.0,22900.0,1.0
19504.0,22860.0,1.0
11312.0,15134.0,1.0
3119.0,4880.0,1.0
3119.0,6972.0,1.0
3119.0,12040.0,1.0
11315.0,8158.0,1.0
3131.0,12321.0,1.0
3131.0,7436.0,1.0
11344.0,7240.0,1.0
3153.0,3152.0,1.0
3153.0,7583.0,1.0
3153.0,14257.0,1.0
3152.0,4755.0,1.0
3152.0,6752.0,1.0
3152.0,22948.0,1.0
11347.0,3709.0,1.0
11347.0,14284.0,1.0
3158.0,3614.0,1.0
3158.0,14243.0,1.0
3158.0,7190.0,1.0
11353.0,3436.0,1.0
11353.0,5531.0,1.0
11353.0,7698.0,1.0
11353.0,14438.0,1.0
3168.0,3169.0,1.0
3168.0,7979.0,1.0
3168.0,4130.0,1.0
3168.0,13424.0,1.0
3169.0,6750.0,1.0
19559.0,22133.0,1.0
11368.0,11369.0,1.0
11368.0,15798.0,1.0
11369.0,4231.0,1.0
11369.0,6551.0,1.0
3176.0,3177.0,1.0
3176.0,4289.0,1.0
3176.0,3614.0,1.0
3177.0,13623.0,1.0
11377.0,5016.0,1.0
11377.0,5627.0,1.0
19570.0,14727.0,1.0
11379.0,6804.0,1.0
11379.0,13670.0,1.0
11379.0,21109.0,1.0
11389.0,3896.0,1.0
19594.0,13623.0,1.0
19595.0,19807.0,1.0
19595.0,21875.0,1.0
3212.0,6803.0,1.0
3223.0,3224.0,1.0
3223.0,3949.0,1.0
3223.0,6723.0,1.0
3223.0,4955.0,1.0
3224.0,12234.0,1.0
19609.0,7597.0,1.0
19609.0,20946.0,1.0
19612.0,13743.0,1.0
19612.0,14647.0,1.0
11424.0,11425.0,1.0
11425.0,4240.0,1.0
11425.0,5591.0,1.0
3234.0,12040.0,1.0
3234.0,6492.0,1.0
19624.0,13165.0,1.0
11454.0,3319.0,1.0
19651.0,19652.0,1.0
11460.0,7094.0,1.0
19652.0,22886.0,1.0
19660.0,19671.0,1.0
11478.0,16183.0,1.0
19671.0,22900.0,1.0
19673.0,19674.0,1.0
3298.0,3299.0,1.0
3299.0,4353.0,1.0
11497.0,3429.0,1.0
11497.0,5015.0,1.0
11498.0,6601.0,1.0
3319.0,15158.0,1.0
11553.0,15487.0,1.0
3361.0,3362.0,1.0
3361.0,14297.0,1.0
3361.0,6755.0,1.0
3362.0,6053.0,1.0
3362.0,4812.0,1.0
3362.0,14778.0,1.0
3368.0,13424.0,1.0
3368.0,7838.0,1.0
3368.0,15335.0,1.0
11579.0,3614.0,1.0
11579.0,4289.0,1.0
11579.0,7190.0,1.0
11579.0,13698.0,1.0
19779.0,3781.0,1.0
19779.0,19781.0,1.0
19782.0,19783.0,1.0
3400.0,5996.0,1.0
3400.0,15248.0,1.0
19793.0,5483.0,1.0
19796.0,13421.0,1.0
19800.0,12219.0,1.0
19806.0,13454.0,1.0
19807.0,5933.0,1.0
19807.0,20616.0,1.0
3428.0,3429.0,1.0
3428.0,4135.0,1.0
3428.0,14230.0,1.0
3429.0,4136.0,1.0
19818.0,12220.0,1.0
3436.0,5530.0,1.0
11632.0,3599.0,1.0
11632.0,12411.0,1.0
3447.0,13874.0,1.0
3449.0,3450.0,1.0
3450.0,7730.0,1.0
3456.0,7064.0,1.0
3474.0,3475.0,1.0
3474.0,5630.0,1.0
3474.0,6513.0,1.0
3475.0,5004.0,1.0
11666.0,11667.0,1.0
11666.0,12926.0,1.0
11686.0,5666.0,1.0
3502.0,3503.0,1.0
3502.0,13867.0,1.0
3502.0,13169.0,1.0
3503.0,6819.0,1.0
3503.0,13204.0,1.0
11707.0,12912.0,1.0
11707.0,20568.0,1.0
3518.0,14066.0,1.0
19905.0,15156.0,1.0
19905.0,20112.0,1.0
19905.0,20919.0,1.0
3530.0,3531.0,1.0
3530.0,13204.0,1.0
11725.0,4329.0,1.0
11725.0,13642.0,1.0
3547.0,15409.0,1.0
3547.0,19965.0,1.0
11762.0,21766.0,1.0
11764.0,4566.0,1.0
19957.0,14040.0,1.0
19957.0,19967.0,1.0
19957.0,19970.0,1.0
19965.0,7498.0,1.0
19965.0,19970.0,1.0
3582.0,3583.0,1.0
3582.0,3773.0,1.0
3583.0,4816.0,1.0
19966.0,19967.0,1.0
19967.0,16061.0,1.0
19970.0,7497.0,1.0
19970.0,19975.0,1.0
3598.0,3599.0,1.0
3598.0,4194.0,1.0
3598.0,6111.0,1.0
11794.0,4644.0,1.0
11794.0,12772.0,1.0
3614.0,13623.0,1.0
11809.0,5818.0,1.0
11809.0,12604.0,1.0
20008.0,20012.0,1.0
11828.0,5289.0,1.0
3638.0,3639.0,1.0
3639.0,7944.0,1.0
3639.0,15533.0,1.0
3642.0,3643.0,1.0
3642.0,20659.0,1.0
11842.0,5904.0,1.0
11842.0,12491.0,1.0
3660.0,5583.0,1.0
3660.0,13828.0,1.0
3685.0,22503.0,1.0
3709.0,3710.0,1.0
3710.0,5935.0,1.0
3710.0,13382.0,1.0
11959.0,8125.0,1.0
11959.0,13777.0,1.0
3773.0,3774.0,1.0
3774.0,13800.0,1.0
3778.0,3779.0,1.0
3778.0,20692.0,1.0
3778.0,22603.0,1.0
3779.0,4524.0,1.0
3779.0,22604.0,1.0
3780.0,3781.0,1.0
3780.0,12843.0,1.0
3780.0,15440.0,1.0
11983.0,13891.0,1.0
11985.0,14747.0,1.0
11996.0,13674.0,1.0
3813.0,3814.0,1.0
3813.0,6043.0,1.0
3813.0,13844.0,1.0
3814.0,13844.0,1.0
3814.0,14694.0,1.0
12040.0,14165.0,1.0
3851.0,3852.0,1.0
3851.0,5982.0,1.0
3852.0,15323.0,1.0
3853.0,15924.0,1.0
3875.0,3876.0,1.0
3875.0,12641.0,1.0
3876.0,14613.0,1.0
3887.0,3888.0,1.0
3892.0,3893.0,1.0
3892.0,4665.0,1.0
3893.0,4666.0,1.0
3896.0,3897.0,1.0
3897.0,14343.0,1.0
3919.0,3920.0,1.0
3919.0,7531.0,1.0
3919.0,4645.0,1.0
3920.0,4017.0,1.0
3920.0,14863.0,1.0
3920.0,22322.0,1.0
3949.0,22611.0,1.0
12145.0,14900.0,1.0
3959.0,3960.0,1.0
3959.0,7150.0,1.0
3960.0,6702.0,1.0
3960.0,12682.0,1.0
3960.0,22297.0,1.0
3961.0,3962.0,1.0
12156.0,7139.0,1.0
12156.0,7838.0,1.0
12156.0,15335.0,1.0
3972.0,12745.0,1.0
12169.0,4199.0,1.0
12169.0,13070.0,1.0
12169.0,12926.0,1.0
3979.0,3980.0,1.0
3980.0,7542.0,1.0
3999.0,4000.0,1.0
4000.0,12464.0,1.0
4016.0,4017.0,1.0
4016.0,5417.0,1.0
4016.0,4681.0,1.0
4016.0,14863.0,1.0
4017.0,13723.0,1.0
12219.0,12220.0,1.0
12219.0,13891.0,1.0
12220.0,7737.0,1.0
12220.0,13421.0,1.0
12220.0,13891.0,1.0
4033.0,6009.0,1.0
4033.0,6763.0,1.0
4036.0,4037.0,1.0
4036.0,5881.0,1.0
4036.0,6053.0,1.0
4037.0,6701.0,1.0
4037.0,14778.0,1.0
4037.0,22298.0,1.0
12234.0,6723.0,1.0
12234.0,14325.0,1.0
4046.0,12926.0,1.0
12251.0,5554.0,1.0
12251.0,5661.0,1.0
12251.0,14162.0,1.0
4059.0,14015.0,1.0
12257.0,12258.0,1.0
12258.0,7528.0,1.0
12272.0,5396.0,1.0
12272.0,16087.0,1.0
12286.0,5375.0,1.0
12286.0,8153.0,1.0
4107.0,4108.0,1.0
4107.0,4130.0,1.0
4107.0,5071.0,1.0
4108.0,4383.0,1.0
4108.0,14951.0,1.0
12311.0,4541.0,1.0
12311.0,12312.0,1.0
12312.0,12344.0,1.0
12319.0,5808.0,1.0
12319.0,22847.0,1.0
4128.0,4129.0,1.0
4128.0,6009.0,1.0
4129.0,6762.0,1.0
4130.0,7838.0,1.0
4130.0,6751.0,1.0
12321.0,5187.0,1.0
12321.0,7436.0,1.0
12321.0,15489.0,1.0
4135.0,4136.0,1.0
4135.0,5583.0,1.0
4137.0,4138.0,1.0
4137.0,4471.0,1.0
4137.0,5901.0,1.0
4138.0,6977.0,1.0
4138.0,4782.0,1.0
4142.0,23295.0,1.0
12341.0,5181.0,1.0
12345.0,8185.0,1.0
12345.0,12346.0,1.0
12345.0,12629.0,1.0
12346.0,15043.0,1.0
12349.0,16183.0,1.0
4162.0,4163.0,1.0
4162.0,7305.0,1.0
4163.0,14182.0,1.0
20549.0,12595.0,1.0
20549.0,14770.0,1.0
4187.0,4188.0,1.0
4187.0,16222.0,1.0
4188.0,12932.0,1.0
4188.0,13421.0,1.0
4189.0,6492.0,1.0
4194.0,7691.0,1.0
4199.0,4200.0,1.0
4199.0,4399.0,1.0
4199.0,6524.0,1.0
4200.0,7278.0,1.0
4200.0,6525.0,1.0
4222.0,4223.0,1.0
4222.0,7309.0,1.0
4222.0,15154.0,1.0
4223.0,4886.0,1.0
4223.0,12784.0,1.0
4230.0,4231.0,1.0
4230.0,6551.0,1.0
4230.0,13777.0,1.0
4230.0,8125.0,1.0
4231.0,8038.0,1.0
4240.0,4241.0,1.0
4240.0,14464.0,1.0
12432.0,5418.0,1.0
4241.0,5919.0,1.0
4241.0,6980.0,1.0
4241.0,5592.0,1.0
12437.0,7292.0,1.0
12437.0,8107.0,1.0
12437.0,13803.0,1.0
12442.0,5522.0,1.0
12442.0,6296.0,1.0
4267.0,4268.0,1.0
4267.0,5935.0,1.0
4267.0,13382.0,1.0
4267.0,5395.0,1.0
4268.0,14647.0,1.0
4268.0,13743.0,1.0
20659.0,20660.0,1.0
20659.0,20664.0,1.0
20660.0,20664.0,1.0
4282.0,8158.0,1.0
12475.0,12476.0,1.0
12475.0,13229.0,1.0
12476.0,13230.0,1.0
4295.0,4296.0,1.0
4295.0,4311.0,1.0
4295.0,7497.0,1.0
4296.0,6107.0,1.0
4296.0,7498.0,1.0
20681.0,17527.0,1.0
20681.0,20682.0,1.0
20682.0,22007.0,1.0
12491.0,5905.0,1.0
12491.0,13191.0,1.0
20692.0,6733.0,1.0
20692.0,14696.0,1.0
4311.0,14165.0,1.0
4311.0,6107.0,1.0
4328.0,4329.0,1.0
4328.0,7333.0,1.0
4328.0,15270.0,1.0
4328.0,7874.0,1.0
4329.0,7402.0,1.0
4329.0,7334.0,1.0
4337.0,4338.0,1.0
4337.0,22640.0,1.0
4338.0,6928.0,1.0
4352.0,4353.0,1.0
4353.0,5152.0,1.0
4353.0,5630.0,1.0
12558.0,12559.0,1.0
12558.0,15692.0,1.0
4383.0,13264.0,1.0
4395.0,8038.0,1.0
4399.0,7278.0,1.0
4399.0,13070.0,1.0
12593.0,12594.0,1.0
12593.0,15156.0,1.0
12595.0,12596.0,1.0
12595.0,22954.0,1.0
12596.0,22955.0,1.0
20809.0,14995.0,1.0
12632.0,6139.0,1.0
12659.0,22005.0,1.0
4471.0,5482.0,1.0
20858.0,22936.0,1.0
4478.0,4479.0,1.0
4478.0,5918.0,1.0
4478.0,15875.0,1.0
4479.0,13642.0,1.0
12682.0,7150.0,1.0
12682.0,7342.0,1.0
12682.0,22299.0,1.0
4491.0,15537.0,1.0
20881.0,5301.0,1.0
4499.0,5015.0,1.0
12719.0,7944.0,1.0
12727.0,6824.0,1.0
12727.0,6972.0,1.0
12727.0,13803.0,1.0
4540.0,4541.0,1.0
4540.0,13943.0,1.0
12745.0,12746.0,1.0
12746.0,13118.0,1.0
4558.0,6100.0,1.0
4558.0,6970.0,1.0
4566.0,6914.0,1.0
4566.0,12843.0,1.0
12765.0,14488.0,1.0
12765.0,22604.0,1.0
12772.0,4644.0,1.0
12772.0,22622.0,1.0
20964.0,20965.0,1.0
12774.0,7979.0,1.0
20965.0,21018.0,1.0
20965.0,23013.0,1.0
12784.0,6031.0,1.0
12786.0,8022.0,1.0
12786.0,12787.0,1.0
12787.0,5756.0,1.0
20981.0,12967.0,1.0
20981.0,21021.0,1.0
12821.0,12822.0,1.0
12821.0,14191.0,1.0
21018.0,5153.0,1.0
12832.0,5300.0,1.0
4641.0,4640.0,1.0
12834.0,4888.0,1.0
4644.0,4645.0,1.0
12843.0,7615.0,1.0
12849.0,15223.0,1.0
4665.0,4666.0,1.0
21052.0,21138.0,1.0
4681.0,4682.0,1.0
4681.0,13898.0,1.0
4682.0,13723.0,1.0
4682.0,22329.0,1.0
21072.0,21098.0,1.0
12898.0,4938.0,1.0
12909.0,7936.0,1.0
12909.0,12910.0,1.0
12910.0,6981.0,1.0
12912.0,12967.0,1.0
21109.0,6803.0,1.0
21109.0,21110.0,1.0
21110.0,13670.0,1.0
12926.0,6524.0,1.0
12932.0,5450.0,1.0
12932.0,15075.0,1.0
4755.0,14257.0,1.0
4755.0,5767.0,1.0
21141.0,4811.0,1.0
4782.0,4783.0,1.0
4782.0,5901.0,1.0
4783.0,6977.0,1.0
4783.0,5522.0,1.0
4783.0,5461.0,1.0
21169.0,23274.0,1.0
4811.0,4812.0,1.0
4812.0,6755.0,1.0
4812.0,15537.0,1.0
4816.0,13219.0,1.0
4816.0,23011.0,1.0
4824.0,14836.0,1.0
13040.0,5182.0,1.0
13040.0,7309.0,1.0
13040.0,7565.0,1.0
21234.0,22007.0,1.0
13070.0,22132.0,1.0
4880.0,4879.0,1.0
4880.0,7293.0,1.0
4879.0,7292.0,1.0
4885.0,4886.0,1.0
4885.0,5918.0,1.0
4885.0,7564.0,1.0
4886.0,15875.0,1.0
21273.0,15519.0,1.0
13109.0,14561.0,1.0
13117.0,6601.0,1.0
13117.0,6901.0,1.0
4938.0,4939.0,1.0
4938.0,15934.0,1.0
4939.0,7771.0,1.0
4939.0,14105.0,1.0
13135.0,13136.0,1.0
4955.0,22612.0,1.0
13156.0,6701.0,1.0
13156.0,22298.0,1.0
13156.0,22300.0,1.0
13165.0,13166.0,1.0
13166.0,15360.0,1.0
13169.0,13170.0,1.0
13169.0,15025.0,1.0
13169.0,14514.0,1.0
13170.0,9334.0,1.0
5004.0,6513.0,1.0
13204.0,13867.0,1.0
13206.0,13207.0,1.0
13207.0,6962.0,1.0
5017.0,5016.0,1.0
5017.0,14377.0,1.0
13210.0,14405.0,1.0
5016.0,5628.0,1.0
13219.0,14574.0,1.0
13229.0,13230.0,1.0
13230.0,6439.0,1.0
13234.0,13235.0,1.0
13237.0,6646.0,1.0
5071.0,5072.0,1.0
5071.0,6751.0,1.0
13264.0,14951.0,1.0
5072.0,5397.0,1.0
13278.0,14631.0,1.0
21477.0,8062.0,1.0
13287.0,5184.0,1.0
13287.0,7583.0,1.0
13287.0,15043.0,1.0
21479.0,8062.0,1.0
13300.0,14318.0,1.0
13336.0,8153.0,1.0
13336.0,13337.0,1.0
13338.0,6043.0,1.0
13338.0,14694.0,1.0
5152.0,5153.0,1.0
5152.0,7387.0,1.0
5153.0,7240.0,1.0
13364.0,14927.0,1.0
13366.0,6645.0,1.0
13368.0,6179.0,1.0
5181.0,5182.0,1.0
5181.0,7305.0,1.0
5181.0,7564.0,1.0
5182.0,7996.0,1.0
5184.0,6785.0,1.0
5187.0,5188.0,1.0
5188.0,14326.0,1.0
13401.0,15323.0,1.0
13414.0,6601.0,1.0
13454.0,6743.0,1.0
5263.0,5262.0,1.0
5263.0,5817.0,1.0
5263.0,22233.0,1.0
5270.0,14038.0,1.0
13479.0,5738.0,1.0
5300.0,5301.0,1.0
13495.0,7916.0,1.0
13495.0,13496.0,1.0
13540.0,7138.0,1.0
13540.0,7177.0,1.0
13552.0,13772.0,1.0
5375.0,7997.0,1.0
21761.0,5483.0,1.0
21761.0,21766.0,1.0
5395.0,5396.0,1.0
13588.0,7428.0,1.0
5397.0,15025.0,1.0
5396.0,7653.0,1.0
5396.0,6050.0,1.0
13600.0,15156.0,1.0
5417.0,5418.0,1.0
5418.0,13898.0,1.0
5428.0,5429.0,1.0
5428.0,14327.0,1.0
5429.0,22640.0,1.0
13627.0,14836.0,1.0
13627.0,15166.0,1.0
5451.0,5450.0,1.0
5461.0,5462.0,1.0
5462.0,5522.0,1.0
13660.0,13661.0,1.0
13660.0,21876.0,1.0
13661.0,6826.0,1.0
5482.0,5483.0,1.0
13677.0,15523.0,1.0
21874.0,14378.0,1.0
21874.0,21876.0,1.0
21876.0,14381.0,1.0
21899.0,21904.0,1.0
21902.0,7597.0,1.0
13717.0,7111.0,1.0
13717.0,13779.0,1.0
5530.0,5531.0,1.0
13723.0,22323.0,1.0
21924.0,5818.0,1.0
13742.0,13743.0,1.0
13771.0,13772.0,1.0
13772.0,15151.0,1.0
5582.0,5583.0,1.0
5582.0,6539.0,1.0
13777.0,6550.0,1.0
13779.0,6751.0,1.0
5591.0,5592.0,1.0
13803.0,7293.0,1.0
5627.0,5628.0,1.0
5628.0,14377.0,1.0
5630.0,7387.0,1.0
13828.0,7168.0,1.0
13830.0,7110.0,1.0
13830.0,15187.0,1.0
5661.0,5662.0,1.0
5662.0,14820.0,1.0
5662.0,7678.0,1.0
13853.0,7087.0,1.0
13853.0,7088.0,1.0
5666.0,5667.0,1.0
5667.0,7977.0,1.0
13864.0,7309.0,1.0
13864.0,15154.0,1.0
13874.0,5822.0,1.0
13898.0,14059.0,1.0
13898.0,14770.0,1.0
13917.0,6819.0,1.0
5746.0,5747.0,1.0
5746.0,15651.0,1.0
5746.0,6826.0,1.0
5747.0,5976.0,1.0
13943.0,13944.0,1.0
13943.0,14769.0,1.0
5755.0,14820.0,1.0
5755.0,23013.0,1.0
5755.0,23018.0,1.0
5756.0,5757.0,1.0
22141.0,22170.0,1.0
22141.0,22688.0,1.0
13954.0,6539.0,1.0
13954.0,7637.0,1.0
5766.0,5767.0,1.0
5766.0,15947.0,1.0
5766.0,22951.0,1.0
5767.0,14992.0,1.0
5767.0,22948.0,1.0
22152.0,14955.0,1.0
22152.0,22159.0,1.0
22159.0,22233.0,1.0
22159.0,22221.0,1.0
22182.0,14631.0,1.0
13999.0,14000.0,1.0
14000.0,14326.0,1.0
5807.0,5808.0,1.0
5807.0,15441.0,1.0
5814.0,7099.0,1.0
14008.0,14009.0,1.0
14008.0,14488.0,1.0
14009.0,7966.0,1.0
5817.0,5818.0,1.0
5818.0,15223.0,1.0
5822.0,7598.0,1.0
5822.0,22462.0,1.0
22221.0,22222.0,1.0
14040.0,7497.0,1.0
14059.0,22329.0,1.0
5873.0,5874.0,1.0
5873.0,6070.0,1.0
5873.0,7343.0,1.0
5873.0,7265.0,1.0
14066.0,7944.0,1.0
14066.0,22320.0,1.0
5874.0,15519.0,1.0
5881.0,5882.0,1.0
14074.0,6100.0,1.0
14074.0,6970.0,1.0
22265.0,15519.0,1.0
5904.0,5905.0,1.0
22297.0,22300.0,1.0
22297.0,22299.0,1.0
22300.0,6702.0,1.0
14109.0,14110.0,1.0
5919.0,5920.0,1.0
5919.0,6981.0,1.0
14105.0,8106.0,1.0
5933.0,5934.0,1.0
22320.0,22321.0,1.0
22322.0,7532.0,1.0
22322.0,22323.0,1.0
22323.0,22324.0,1.0
22324.0,22329.0,1.0
14142.0,22871.0,1.0
14165.0,6108.0,1.0
14165.0,15506.0,1.0
5976.0,15915.0,1.0
5979.0,15874.0,1.0
5981.0,5982.0,1.0
14182.0,7305.0,1.0
14182.0,7996.0,1.0
14209.0,14825.0,1.0
14212.0,14213.0,1.0
14212.0,14933.0,1.0
14213.0,7012.0,1.0
14213.0,15531.0,1.0
6031.0,6032.0,1.0
6032.0,7944.0,1.0
6032.0,7067.0,1.0
6070.0,6071.0,1.0
6070.0,7342.0,1.0
6071.0,7265.0,1.0
6071.0,14940.0,1.0
22462.0,15360.0,1.0
22462.0,22463.0,1.0
6107.0,6108.0,1.0
6107.0,7596.0,1.0
6111.0,15008.0,1.0
14306.0,15187.0,1.0
22504.0,14703.0,1.0
14325.0,7290.0,1.0
14325.0,15753.0,1.0
14326.0,14327.0,1.0
14326.0,15780.0,1.0
6139.0,7738.0,1.0
22567.0,7239.0,1.0
22567.0,22653.0,1.0
14378.0,14381.0,1.0
22603.0,14517.0,1.0
22603.0,22604.0,1.0
22611.0,6763.0,1.0
22612.0,6763.0,1.0
22612.0,22615.0,1.0
14438.0,7438.0,1.0
22653.0,7238.0,1.0
14464.0,6980.0,1.0
6279.0,8125.0,1.0
22675.0,7096.0,1.0
14485.0,14486.0,1.0
14485.0,14927.0,1.0
6296.0,6297.0,1.0
22686.0,22687.0,1.0
22686.0,22811.0,1.0
22686.0,22688.0,1.0
14503.0,7634.0,1.0
14503.0,15101.0,1.0
14517.0,6733.0,1.0
14556.0,7966.0,1.0
14574.0,14900.0,1.0
6439.0,6440.0,1.0
6440.0,7936.0,1.0
22847.0,22848.0,1.0
22848.0,22863.0,1.0
22848.0,22864.0,1.0
14659.0,14660.0,1.0
22860.0,22861.0,1.0
22860.0,22864.0,1.0
22860.0,22951.0,1.0
22861.0,22863.0,1.0
22863.0,22864.0,1.0
6492.0,7753.0,1.0
22879.0,22880.0,1.0
22879.0,22886.0,1.0
22880.0,22886.0,1.0
14695.0,6732.0,1.0
14695.0,14696.0,1.0
22891.0,22893.0,1.0
6524.0,6525.0,1.0
14727.0,15276.0,1.0
22930.0,22942.0,1.0
6550.0,6551.0,1.0
6550.0,6977.0,1.0
6551.0,15798.0,1.0
22936.0,22935.0,1.0
22948.0,6752.0,1.0
22948.0,22951.0,1.0
22954.0,22955.0,1.0
14769.0,14770.0,1.0
14778.0,15537.0,1.0
6600.0,6601.0,1.0
6601.0,7665.0,1.0
23002.0,15523.0,1.0
23002.0,23003.0,1.0
14814.0,14815.0,1.0
14815.0,7731.0,1.0
14821.0,6736.0,1.0
23013.0,23018.0,1.0
23013.0,23017.0,1.0
23015.0,23016.0,1.0
6637.0,6993.0,1.0
14836.0,15020.0,1.0
6645.0,6646.0,1.0
6645.0,15228.0,1.0
6646.0,6704.0,1.0
6701.0,6702.0,1.0
6704.0,6913.0,1.0
6704.0,7615.0,1.0
14900.0,7979.0,1.0
6723.0,15753.0,1.0
6732.0,6733.0,1.0
14927.0,7731.0,1.0
6736.0,6737.0,1.0
14933.0,7012.0,1.0
14933.0,15265.0,1.0
6743.0,6744.0,1.0
6750.0,6751.0,1.0
6755.0,16050.0,1.0
6762.0,6763.0,1.0
14955.0,7437.0,1.0
6785.0,15043.0,1.0
14992.0,15947.0,1.0
6803.0,6804.0,1.0
14995.0,14996.0,1.0
15008.0,7428.0,1.0
6826.0,15915.0,1.0
15043.0,8185.0,1.0
15048.0,15161.0,1.0
23252.0,23253.0,1.0
15075.0,7737.0,1.0
6913.0,6914.0,1.0
6914.0,7615.0,1.0
6928.0,6943.0,1.0
6943.0,6944.0,1.0
6943.0,7455.0,1.0
6943.0,15509.0,1.0
6944.0,8184.0,1.0
6961.0,6962.0,1.0
15164.0,15165.0,1.0
6972.0,7293.0,1.0
6980.0,6981.0,1.0
7038.0,7099.0,1.0
7060.0,7678.0,1.0
7067.0,7068.0,1.0
15270.0,7402.0,1.0
7087.0,7088.0,1.0
7093.0,7094.0,1.0
7138.0,7139.0,1.0
7138.0,15335.0,1.0
7139.0,7177.0,1.0
15335.0,15826.0,1.0
7150.0,15937.0,1.0
7154.0,16222.0,1.0
7177.0,7178.0,1.0
7189.0,7190.0,1.0
7238.0,7239.0,1.0
7240.0,7241.0,1.0
7240.0,7387.0,1.0
15440.0,7614.0,1.0
7265.0,15519.0,1.0
15481.0,7936.0,1.0
7290.0,7291.0,1.0
7290.0,15523.0,1.0
7292.0,7293.0,1.0
15489.0,7437.0,1.0
7309.0,7997.0,1.0
7333.0,7334.0,1.0
7342.0,7343.0,1.0
15590.0,15591.0,1.0
15600.0,15601.0,1.0
7427.0,7428.0,1.0
7436.0,7437.0,1.0
7455.0,8184.0,1.0
7497.0,7498.0,1.0
7527.0,7528.0,1.0
7531.0,7532.0,1.0
7564.0,7565.0,1.0
7583.0,8185.0,1.0
7597.0,7598.0,1.0
7598.0,8062.0,1.0
7614.0,7615.0,1.0
7634.0,7635.0,1.0
7664.0,7691.0,1.0
7697.0,7698.0,1.0
7731.0,7732.0,1.0
7737.0,7738.0,1.0
7916.0,7917.0,1.0
16183.0,16265.0,1.0
7996.0,7997.0,1.0
8022.0,8023.0,1.0
8038.0,8125.0,1.0
8106.0,8107.0,1.0
8152.0,8153.0,1.0
