pair,frequency,support
"(37, 51)",184,0.014889140637643631
"(42, 62)",179,0.014484544424664186
"(18, 59)",170,0.013756271241301181
"(16, 58)",152,0.012299724874575174
"(40, 39)",148,0.011976047904191617
"(25, 4)",145,0.011733290176403949
"(8, 76)",140,0.011328693963424502
"(30, 50)",139,0.011247774720828612
"(6, 48)",135,0.010924097750445056
"(15, 40)",132,0.010681340022657387
"(43, 99)",132,0.010681340022657387
"(26, 112)",124,0.010033986081890274
"(54, 55)",124,0.010033986081890274
"(38, 25)",121,0.009791228354102606
"(6, 71)",120,0.009710309111506716
"(5, 76)",115,0.009305712898527269
"(30, 94)",113,0.00914387441333549
"(0, 12)",111,0.008982035928143712
"(38, 78)",111,0.008982035928143712
"(6, 105)",110,0.008901116685547824
"(36, 65)",109,0.008820197442951934
"(58, 15)",108,0.008739278200356044
"(29, 32)",108,0.008739278200356044
"(49, 80)",107,0.008658358957760156
"(51, 88)",106,0.008577439715164266
"(30, 29)",103,0.008334681987376599
"(7, 107)",103,0.008334681987376599
"(59, 97)",102,0.008253762744780709
"(34, 31)",102,0.008253762744780709
"(7, 113)",101,0.008172843502184819
"(6, 20)",99,0.00801100501699304
"(54, 49)",99,0.00801100501699304
"(32, 22)",95,0.007687328046609484
"(6, 94)",94,0.007606408804013595
"(46, 92)",93,0.0075254895614177055
"(26, 41)",93,0.0075254895614177055
"(18, 117)",93,0.0075254895614177055
"(47, 30)",92,0.0074445703188218155
"(8, 106)",92,0.0074445703188218155
"(24, 10)",88,0.007120893348438259
"(54, 83)",88,0.007120893348438259
"(46, 61)",86,0.00695905486324648
"(49, 69)",86,0.00695905486324648
"(13, 6)",85,0.0068781356206505904
"(25, 7)",85,0.0068781356206505904
"(37, 43)",84,0.006797216378054701
"(0, 60)",83,0.006716297135458812
"(3, 98)",83,0.006716297135458812
"(33, 18)",83,0.006716297135458812
"(0, 103)",82,0.006635377892862923
"(58, 120)",82,0.006635377892862923
"(38, 46)",81,0.006554458650267034
"(21, 118)",81,0.006554458650267034
"(43, 73)",81,0.006554458650267034
"(7, 28)",80,0.006473539407671145
"(3, 108)",77,0.006230781679883476
"(24, 90)",77,0.006230781679883476
"(15, 74)",77,0.006230781679883476
"(21, 1)",76,0.006149862437287587
"(13, 5)",75,0.006068943194691698
"(29, 35)",75,0.006068943194691698
"(54, 11)",74,0.005988023952095809
"(33, 66)",74,0.005988023952095809
"(54, 54)",74,0.005988023952095809
"(28, 72)",73,0.005907104709499919
"(4, 56)",72,0.0058261854669040295
"(27, 45)",72,0.0058261854669040295
"(47, 3)",72,0.0058261854669040295
"(15, 79)",71,0.00574526622430814
"(49, 55)",71,0.00574526622430814
"(49, 26)",70,0.005664346981712251
"(46, 33)",69,0.005583427739116362
"(7, 110)",69,0.005583427739116362
"(22, 114)",68,0.005502508496520473
"(47, 104)",68,0.005502508496520473
"(49, 57)",68,0.005502508496520473
"(31, 8)",67,0.005421589253924583
"(13, 63)",65,0.0052597507687328045
"(18, 101)",64,0.005178831526136915
"(51, 34)",64,0.005178831526136915
"(33, 100)",63,0.005097912283541026
"(37, 98)",62,0.005016993040945137
"(33, 17)",62,0.005016993040945137
"(59, 73)",62,0.005016993040945137
"(36, 19)",62,0.005016993040945137
"(32, 27)",60,0.004855154555753358
"(49, 86)",60,0.004855154555753358
"(31, 81)",59,0.004774235313157469
"(21, 116)",59,0.004774235313157469
"(13, 21)",59,0.004774235313157469
"(31, 119)",58,0.0046933160705615795
"(31, 89)",58,0.0046933160705615795
"(33, 96)",58,0.0046933160705615795
"(21, 19)",57,0.00461239682796569
"(58, 13)",57,0.00461239682796569
"(31, 102)",57,0.00461239682796569
"(34, 47)",56,0.004531477585369801
"(36, 1)",56,0.004531477585369801
"(17, 95)",55,0.004450558342773912
"(34, 53)",55,0.004450558342773912
"(24, 82)",54,0.004369639100178022
"(38, 44)",53,0.004288719857582133
"(7, 9)",53,0.004288719857582133
"(17, 111)",53,0.004288719857582133
"(4, 64)",52,0.004207800614986244
"(25, 14)",51,0.0041268813723903544
"(21, 25)",51,0.0041268813723903544
"(18, 47)",50,0.004045962129794465
"(33, 70)",49,0.003965042887198576
"(47, 85)",49,0.003965042887198576
"(59, 99)",49,0.003965042887198576
"(47, 42)",48,0.0038841236446026865
"(32, 0)",47,0.0038032044020067973
"(51, 42)",47,0.0038032044020067973
"(15, 80)",45,0.0036413659168150186
"(15, 72)",45,0.0036413659168150186
"(51, 87)",44,0.0035604466742191294
"(42, 93)",43,0.00347952743162324
"(31, 52)",43,0.00347952743162324
"(31, 77)",43,0.00347952743162324
"(42, 63)",42,0.0033986081890273506
"(8, 27)",40,0.0032367697038355723
"(3, 52)",40,0.0032367697038355723
"(4, 74)",39,0.0031558504612396827
"(26, 2)",39,0.0031558504612396827
"(41, 53)",38,0.0030749312186437935
"(17, 37)",37,0.0029940119760479044
"(4, 115)",35,0.0028321734908561256
"(49, 9)",34,0.0027512542482602364
"(46, 87)",33,0.002670335005664347
"(31, 91)",33,0.002670335005664347
"(26, 106)",33,0.002670335005664347
"(31, 2)",33,0.002670335005664347
"(57, 44)",33,0.002670335005664347
"(33, 84)",32,0.0025894157630684577
"(4, 86)",32,0.0025894157630684577
"(31, 68)",31,0.0025084965204725685
"(25, 111)",30,0.002427577277876679
"(13, 7)",30,0.002427577277876679
"(22, 35)",29,0.0023466580352807897
"(26, 38)",28,0.0022657387926849006
"(57, 46)",28,0.0022657387926849006
"(22, 89)",28,0.0022657387926849006
"(28, 109)",27,0.002184819550089011
"(31, 67)",27,0.002184819550089011
"(28, 36)",27,0.002184819550089011
"(17, 107)",27,0.002184819550089011
"(42, 39)",27,0.002184819550089011
"(31, 24)",26,0.002103900307493122
"(30, 41)",26,0.002103900307493122
"(16, 47)",26,0.002103900307493122
"(7, 23)",26,0.002103900307493122
"(16, 31)",26,0.002103900307493122
"(54, 93)",26,0.002103900307493122
"(46, 46)",25,0.0020229810648972326
"(58, 75)",25,0.0020229810648972326
"(33, 13)",25,0.0020229810648972326
"(31, 32)",25,0.0020229810648972326
"(17, 6)",25,0.0020229810648972326
"(17, 14)",25,0.0020229810648972326
"(17, 110)",25,0.0020229810648972326
"(51, 79)",24,0.0019420618223013433
"(31, 0)",24,0.0019420618223013433
"(30, 43)",23,0.0018611425797054539
"(6, 51)",22,0.0017802233371095647
"(33, 78)",22,0.0017802233371095647
"(17, 63)",22,0.0017802233371095647
"(3, 51)",22,0.0017802233371095647
"(37, 29)",22,0.0017802233371095647
"(25, 37)",22,0.0017802233371095647
"(47, 92)",20,0.0016183848519177862
"(47, 64)",20,0.0016183848519177862
"(22, 45)",20,0.0016183848519177862
"(7, 111)",19,0.0015374656093218968
"(42, 49)",19,0.0015374656093218968
"(40, 6)",18,0.0014565463667260074
"(59, 12)",18,0.0014565463667260074
"(18, 103)",18,0.0014565463667260074
"(0, 97)",18,0.0014565463667260074
"(22, 24)",17,0.0013756271241301182
"(22, 32)",17,0.0013756271241301182
"(13, 39)",17,0.0013756271241301182
"(25, 110)",16,0.0012947078815342288
"(30, 51)",16,0.0012947078815342288
"(24, 40)",16,0.0012947078815342288
"(36, 84)",15,0.0012137886389383395
"(40, 107)",15,0.0012137886389383395
"(33, 75)",15,0.0012137886389383395
"(54, 82)",15,0.0012137886389383395
"(33, 25)",14,0.0011328693963424503
"(42, 11)",14,0.0011328693963424503
"(3, 45)",14,0.0011328693963424503
"(58, 96)",14,0.0011328693963424503
"(25, 5)",14,0.0011328693963424503
"(47, 69)",13,0.001051950153746561
"(49, 56)",13,0.001051950153746561
"(13, 62)",13,0.001051950153746561
"(7, 120)",13,0.001051950153746561
"(7, 39)",13,0.001051950153746561
"(24, 55)",13,0.001051950153746561
"(18, 60)",13,0.001051950153746561
"(46, 104)",13,0.001051950153746561
"(8, 112)",12,0.0009710309111506716
"(46, 78)",12,0.0009710309111506716
"(18, 53)",12,0.0009710309111506716
"(21, 18)",12,0.0009710309111506716
"(6, 101)",12,0.0009710309111506716
"(22, 108)",12,0.0009710309111506716
"(49, 10)",12,0.0009710309111506716
"(6, 58)",11,0.0008901116685547824
"(0, 59)",11,0.0008901116685547824
"(33, 118)",11,0.0008901116685547824
"(49, 23)",10,0.0008091924259588931
"(47, 113)",10,0.0008091924259588931
"(49, 113)",10,0.0008091924259588931
"(4, 42)",10,0.0008091924259588931
"(34, 48)",10,0.0008091924259588931
"(31, 38)",10,0.0008091924259588931
"(37, 41)",9,0.0007282731833630037
"(6, 31)",9,0.0007282731833630037
"(58, 70)",9,0.0007282731833630037
"(46, 85)",9,0.0007282731833630037
"(52, 19)",9,0.0007282731833630037
"(49, 90)",8,0.0006473539407671144
"(18, 20)",8,0.0006473539407671144
"(47, 26)",8,0.0006473539407671144
"(28, 40)",8,0.0006473539407671144
"(49, 3)",8,0.0006473539407671144
"(49, 30)",8,0.0006473539407671144
"(58, 111)",8,0.0006473539407671144
"(6, 59)",8,0.0006473539407671144
"(51, 72)",7,0.0005664346981712251
"(15, 90)",7,0.0005664346981712251
"(29, 22)",7,0.0005664346981712251
"(8, 0)",7,0.0005664346981712251
"(8, 2)",7,0.0005664346981712251
"(58, 17)",6,0.0004855154555753358
"(19, 35)",6,0.0004855154555753358
"(22, 81)",6,0.0004855154555753358
"(21, 84)",6,0.0004855154555753358
"(0, 99)",6,0.0004855154555753358
"(37, 58)",6,0.0004855154555753358
"(42, 83)",6,0.0004855154555753358
"(15, 88)",6,0.0004855154555753358
"(49, 120)",6,0.0004855154555753358
"(4, 69)",6,0.0004855154555753358
"(51, 56)",5,0.00040459621297944654
"(26, 52)",5,0.00040459621297944654
"(22, 91)",5,0.00040459621297944654
"(30, 58)",5,0.00040459621297944654
"(22, 119)",4,0.0003236769703835572
"(54, 10)",4,0.0003236769703835572
"(3, 58)",4,0.0003236769703835572
"(8, 89)",4,0.0003236769703835572
"(15, 10)",4,0.0003236769703835572
"(49, 104)",4,0.0003236769703835572
"(18, 97)",4,0.0003236769703835572
"(33, 33)",4,0.0003236769703835572
"(3, 112)",4,0.0003236769703835572
"(4, 80)",4,0.0003236769703835572
"(19, 62)",4,0.0003236769703835572
"(58, 28)",4,0.0003236769703835572
"(33, 65)",4,0.0003236769703835572
"(6, 50)",3,0.0002427577277876679
"(3, 41)",3,0.0002427577277876679
"(38, 30)",3,0.0002427577277876679
"(4, 79)",3,0.0002427577277876679
"(19, 114)",3,0.0002427577277876679
"(47, 87)",3,0.0002427577277876679
"(6, 47)",3,0.0002427577277876679
"(32, 32)",3,0.0002427577277876679
"(36, 100)",3,0.0002427577277876679
"(26, 8)",3,0.0002427577277876679
"(7, 104)",3,0.0002427577277876679
"(54, 62)",3,0.0002427577277876679
"(27, 108)",2,0.0001618384851917786
"(7, 13)",2,0.0001618384851917786
"(3, 91)",2,0.0001618384851917786
"(3, 119)",2,0.0001618384851917786
"(41, 45)",2,0.0001618384851917786
"(46, 30)",2,0.0001618384851917786
"(29, 0)",2,0.0001618384851917786
"(32, 76)",2,0.0001618384851917786
"(24, 35)",2,0.0001618384851917786
"(31, 114)",2,0.0001618384851917786
"(32, 89)",2,0.0001618384851917786
"(33, 30)",2,0.0001618384851917786
"(0, 101)",2,0.0001618384851917786
"(29, 89)",2,0.0001618384851917786
"(37, 52)",2,0.0001618384851917786
"(4, 3)",2,0.0001618384851917786
"(3, 53)",1,8.09192425958893e-05
"(58, 110)",1,8.09192425958893e-05
"(43, 97)",1,8.09192425958893e-05
"(38, 96)",1,8.09192425958893e-05
"(8, 77)",1,8.09192425958893e-05
"(34, 59)",1,8.09192425958893e-05
"(0, 117)",1,8.09192425958893e-05
"(15, 34)",1,8.09192425958893e-05
"(33, 19)",1,8.09192425958893e-05
"(3, 24)",1,8.09192425958893e-05
"(38, 66)",1,8.09192425958893e-05
"(49, 96)",1,8.09192425958893e-05
"(17, 39)",1,8.09192425958893e-05
"(47, 57)",1,8.09192425958893e-05
"(54, 16)",1,8.09192425958893e-05
"(38, 33)",1,8.09192425958893e-05
"(15, 115)",1,8.09192425958893e-05
"(31, 27)",1,8.09192425958893e-05
"(51, 74)",1,8.09192425958893e-05
"(6, 117)",1,8.09192425958893e-05
